"location","forecast_date","target_end_date","type","quantile","value","pathogen","model","retrospective","truth"
"BS",2021-06-01,2021-05-23,"quantile",0.05,1,"COVID-19","Epiforecast",FALSE,1
"BS",2021-06-01,2021-05-24,"quantile",0.05,0,"COVID-19","Epiforecast",FALSE,0
"BS",2021-06-01,2021-05-25,"quantile",0.05,0,"COVID-19","Epiforecast",FALSE,0
"BS",2021-06-01,2021-05-26,"quantile",0.05,1,"COVID-19","Epiforecast",FALSE,1
"BS",2021-06-01,2021-05-27,"quantile",0.05,0,"COVID-19","Epiforecast",FALSE,0
"BS",2021-06-01,2021-05-28,"quantile",0.05,1,"COVID-19","Epiforecast",FALSE,1
"BS",2021-06-01,2021-05-29,"quantile",0.05,0,"COVID-19","Epiforecast",FALSE,0
"BS",2021-06-01,2021-05-30,"quantile",0.05,0,"COVID-19","Epiforecast",FALSE,0
"BS",2021-06-01,2021-05-31,"quantile",0.05,0,"COVID-19","Epiforecast",FALSE,0
"BS",2021-06-01,2021-06-01,"quantile",0.05,0,"COVID-19","Epiforecast",FALSE,0
"BS",2021-06-01,2021-05-23,"quantile",0.2,1,"COVID-19","Epiforecast",FALSE,1
"BS",2021-06-01,2021-05-24,"quantile",0.2,0,"COVID-19","Epiforecast",FALSE,0
"BS",2021-06-01,2021-05-25,"quantile",0.2,0,"COVID-19","Epiforecast",FALSE,0
"BS",2021-06-01,2021-05-26,"quantile",0.2,1,"COVID-19","Epiforecast",FALSE,1
"BS",2021-06-01,2021-05-27,"quantile",0.2,0,"COVID-19","Epiforecast",FALSE,0
"BS",2021-06-01,2021-05-28,"quantile",0.2,1,"COVID-19","Epiforecast",FALSE,1
"BS",2021-06-01,2021-05-29,"quantile",0.2,0,"COVID-19","Epiforecast",FALSE,0
"BS",2021-06-01,2021-05-30,"quantile",0.2,0,"COVID-19","Epiforecast",FALSE,0
"BS",2021-06-01,2021-05-31,"quantile",0.2,0,"COVID-19","Epiforecast",FALSE,0
"BS",2021-06-01,2021-06-01,"quantile",0.2,0,"COVID-19","Epiforecast",FALSE,0
"BS",2021-06-01,2021-05-23,"quantile",0.35,1,"COVID-19","Epiforecast",FALSE,1
"BS",2021-06-01,2021-05-24,"quantile",0.35,0,"COVID-19","Epiforecast",FALSE,0
"BS",2021-06-01,2021-05-25,"quantile",0.35,0,"COVID-19","Epiforecast",FALSE,0
"BS",2021-06-01,2021-05-26,"quantile",0.35,1,"COVID-19","Epiforecast",FALSE,1
"BS",2021-06-01,2021-05-27,"quantile",0.35,0,"COVID-19","Epiforecast",FALSE,0
"BS",2021-06-01,2021-05-28,"quantile",0.35,1,"COVID-19","Epiforecast",FALSE,1
"BS",2021-06-01,2021-05-29,"quantile",0.35,0,"COVID-19","Epiforecast",FALSE,0
"BS",2021-06-01,2021-05-30,"quantile",0.35,0,"COVID-19","Epiforecast",FALSE,0
"BS",2021-06-01,2021-05-31,"quantile",0.35,0,"COVID-19","Epiforecast",FALSE,0
"BS",2021-06-01,2021-06-01,"quantile",0.35,0,"COVID-19","Epiforecast",FALSE,0
"BS",2021-06-01,2021-05-23,"quantile",0.5,1,"COVID-19","Epiforecast",FALSE,1
"BS",2021-06-01,2021-05-24,"quantile",0.5,0,"COVID-19","Epiforecast",FALSE,0
"BS",2021-06-01,2021-05-25,"quantile",0.5,0,"COVID-19","Epiforecast",FALSE,0
"BS",2021-06-01,2021-05-26,"quantile",0.5,1,"COVID-19","Epiforecast",FALSE,1
"BS",2021-06-01,2021-05-27,"quantile",0.5,0,"COVID-19","Epiforecast",FALSE,0
"BS",2021-06-01,2021-05-28,"quantile",0.5,1,"COVID-19","Epiforecast",FALSE,1
"BS",2021-06-01,2021-05-29,"quantile",0.5,0,"COVID-19","Epiforecast",FALSE,0
"BS",2021-06-01,2021-05-30,"quantile",0.5,0,"COVID-19","Epiforecast",FALSE,0
"BS",2021-06-01,2021-05-31,"quantile",0.5,0,"COVID-19","Epiforecast",FALSE,0
"BS",2021-06-01,2021-06-01,"quantile",0.5,0,"COVID-19","Epiforecast",FALSE,0
"BS",2021-06-01,2021-05-23,"quantile",0.65,1,"COVID-19","Epiforecast",FALSE,1
"BS",2021-06-01,2021-05-24,"quantile",0.65,0,"COVID-19","Epiforecast",FALSE,0
"BS",2021-06-01,2021-05-25,"quantile",0.65,0,"COVID-19","Epiforecast",FALSE,0
"BS",2021-06-01,2021-05-26,"quantile",0.65,1,"COVID-19","Epiforecast",FALSE,1
"BS",2021-06-01,2021-05-27,"quantile",0.65,0,"COVID-19","Epiforecast",FALSE,0
"BS",2021-06-01,2021-05-28,"quantile",0.65,1,"COVID-19","Epiforecast",FALSE,1
"BS",2021-06-01,2021-05-29,"quantile",0.65,0,"COVID-19","Epiforecast",FALSE,0
"BS",2021-06-01,2021-05-30,"quantile",0.65,0,"COVID-19","Epiforecast",FALSE,0
"BS",2021-06-01,2021-05-31,"quantile",0.65,1,"COVID-19","Epiforecast",FALSE,0
"BS",2021-06-01,2021-06-01,"quantile",0.65,1,"COVID-19","Epiforecast",FALSE,0
"BS",2021-06-01,2021-05-23,"quantile",0.8,1,"COVID-19","Epiforecast",FALSE,1
"BS",2021-06-01,2021-05-24,"quantile",0.8,0,"COVID-19","Epiforecast",FALSE,0
"BS",2021-06-01,2021-05-25,"quantile",0.8,0,"COVID-19","Epiforecast",FALSE,0
"BS",2021-06-01,2021-05-26,"quantile",0.8,1,"COVID-19","Epiforecast",FALSE,1
"BS",2021-06-01,2021-05-27,"quantile",0.8,0,"COVID-19","Epiforecast",FALSE,0
"BS",2021-06-01,2021-05-28,"quantile",0.8,1,"COVID-19","Epiforecast",FALSE,1
"BS",2021-06-01,2021-05-29,"quantile",0.8,1,"COVID-19","Epiforecast",FALSE,0
"BS",2021-06-01,2021-05-30,"quantile",0.8,1,"COVID-19","Epiforecast",FALSE,0
"BS",2021-06-01,2021-05-31,"quantile",0.8,1,"COVID-19","Epiforecast",FALSE,0
"BS",2021-06-01,2021-06-01,"quantile",0.8,1,"COVID-19","Epiforecast",FALSE,0
"BS",2021-06-01,2021-05-23,"quantile",0.95,1,"COVID-19","Epiforecast",FALSE,1
"BS",2021-06-01,2021-05-24,"quantile",0.95,0,"COVID-19","Epiforecast",FALSE,0
"BS",2021-06-01,2021-05-25,"quantile",0.95,1,"COVID-19","Epiforecast",FALSE,0
"BS",2021-06-01,2021-05-26,"quantile",0.95,2,"COVID-19","Epiforecast",FALSE,1
"BS",2021-06-01,2021-05-27,"quantile",0.95,1,"COVID-19","Epiforecast",FALSE,0
"BS",2021-06-01,2021-05-28,"quantile",0.95,2,"COVID-19","Epiforecast",FALSE,1
"BS",2021-06-01,2021-05-29,"quantile",0.95,1,"COVID-19","Epiforecast",FALSE,0
"BS",2021-06-01,2021-05-30,"quantile",0.95,2,"COVID-19","Epiforecast",FALSE,0
"BS",2021-06-01,2021-05-31,"quantile",0.95,2,"COVID-19","Epiforecast",FALSE,0
"BS",2021-06-01,2021-06-01,"quantile",0.95,2,"COVID-19","Epiforecast",FALSE,0
"BS",2021-06-01,2021-05-23,"median",0.5,1,"COVID-19","Epiforecast",FALSE,1
"BS",2021-06-01,2021-05-24,"median",0.5,0,"COVID-19","Epiforecast",FALSE,0
"BS",2021-06-01,2021-05-25,"median",0.5,0,"COVID-19","Epiforecast",FALSE,0
"BS",2021-06-01,2021-05-26,"median",0.5,1,"COVID-19","Epiforecast",FALSE,1
"BS",2021-06-01,2021-05-27,"median",0.5,0,"COVID-19","Epiforecast",FALSE,0
"BS",2021-06-01,2021-05-28,"median",0.5,1,"COVID-19","Epiforecast",FALSE,1
"BS",2021-06-01,2021-05-29,"median",0.5,0,"COVID-19","Epiforecast",FALSE,0
"BS",2021-06-01,2021-05-30,"median",0.5,0,"COVID-19","Epiforecast",FALSE,0
"BS",2021-06-01,2021-05-31,"median",0.5,0,"COVID-19","Epiforecast",FALSE,0
"BS",2021-06-01,2021-06-01,"median",0.5,0,"COVID-19","Epiforecast",FALSE,0
"BS",2021-06-01,2021-05-23,"mean",NA,1,"COVID-19","Epiforecast",FALSE,1
"BS",2021-06-01,2021-05-24,"mean",NA,0.027,"COVID-19","Epiforecast",FALSE,0
"BS",2021-06-01,2021-05-25,"mean",NA,0.056,"COVID-19","Epiforecast",FALSE,0
"BS",2021-06-01,2021-05-26,"mean",NA,1.125,"COVID-19","Epiforecast",FALSE,1
"BS",2021-06-01,2021-05-27,"mean",NA,0.127,"COVID-19","Epiforecast",FALSE,0
"BS",2021-06-01,2021-05-28,"mean",NA,1.204,"COVID-19","Epiforecast",FALSE,1
"BS",2021-06-01,2021-05-29,"mean",NA,0.258,"COVID-19","Epiforecast",FALSE,0
"BS",2021-06-01,2021-05-30,"mean",NA,0.446,"COVID-19","Epiforecast",FALSE,0
"BS",2021-06-01,2021-05-31,"mean",NA,0.623,"COVID-19","Epiforecast",FALSE,0
"BS",2021-06-01,2021-06-01,"mean",NA,0.734,"COVID-19","Epiforecast",FALSE,0
"BS",2021-06-02,2021-05-24,"quantile",0.05,0,"COVID-19","Epiforecast",FALSE,0
"BS",2021-06-02,2021-05-25,"quantile",0.05,0,"COVID-19","Epiforecast",FALSE,0
"BS",2021-06-02,2021-05-26,"quantile",0.05,1,"COVID-19","Epiforecast",FALSE,1
"BS",2021-06-02,2021-05-27,"quantile",0.05,0,"COVID-19","Epiforecast",FALSE,0
"BS",2021-06-02,2021-05-28,"quantile",0.05,1,"COVID-19","Epiforecast",FALSE,1
"BS",2021-06-02,2021-05-29,"quantile",0.05,0,"COVID-19","Epiforecast",FALSE,0
"BS",2021-06-02,2021-05-30,"quantile",0.05,0,"COVID-19","Epiforecast",FALSE,0
"BS",2021-06-02,2021-05-31,"quantile",0.05,0,"COVID-19","Epiforecast",FALSE,0
"BS",2021-06-02,2021-06-01,"quantile",0.05,0,"COVID-19","Epiforecast",FALSE,0
"BS",2021-06-02,2021-06-02,"quantile",0.05,0,"COVID-19","Epiforecast",FALSE,1
"BS",2021-06-02,2021-05-24,"quantile",0.2,0,"COVID-19","Epiforecast",FALSE,0
"BS",2021-06-02,2021-05-25,"quantile",0.2,0,"COVID-19","Epiforecast",FALSE,0
"BS",2021-06-02,2021-05-26,"quantile",0.2,1,"COVID-19","Epiforecast",FALSE,1
"BS",2021-06-02,2021-05-27,"quantile",0.2,0,"COVID-19","Epiforecast",FALSE,0
"BS",2021-06-02,2021-05-28,"quantile",0.2,1,"COVID-19","Epiforecast",FALSE,1
"BS",2021-06-02,2021-05-29,"quantile",0.2,0,"COVID-19","Epiforecast",FALSE,0
"BS",2021-06-02,2021-05-30,"quantile",0.2,0,"COVID-19","Epiforecast",FALSE,0
"BS",2021-06-02,2021-05-31,"quantile",0.2,0,"COVID-19","Epiforecast",FALSE,0
"BS",2021-06-02,2021-06-01,"quantile",0.2,0,"COVID-19","Epiforecast",FALSE,0
"BS",2021-06-02,2021-06-02,"quantile",0.2,0,"COVID-19","Epiforecast",FALSE,1
"BS",2021-06-02,2021-05-24,"quantile",0.35,0,"COVID-19","Epiforecast",FALSE,0
"BS",2021-06-02,2021-05-25,"quantile",0.35,0,"COVID-19","Epiforecast",FALSE,0
"BS",2021-06-02,2021-05-26,"quantile",0.35,1,"COVID-19","Epiforecast",FALSE,1
"BS",2021-06-02,2021-05-27,"quantile",0.35,0,"COVID-19","Epiforecast",FALSE,0
"BS",2021-06-02,2021-05-28,"quantile",0.35,1,"COVID-19","Epiforecast",FALSE,1
"BS",2021-06-02,2021-05-29,"quantile",0.35,0,"COVID-19","Epiforecast",FALSE,0
"BS",2021-06-02,2021-05-30,"quantile",0.35,0,"COVID-19","Epiforecast",FALSE,0
"BS",2021-06-02,2021-05-31,"quantile",0.35,0,"COVID-19","Epiforecast",FALSE,0
"BS",2021-06-02,2021-06-01,"quantile",0.35,0,"COVID-19","Epiforecast",FALSE,0
"BS",2021-06-02,2021-06-02,"quantile",0.35,0,"COVID-19","Epiforecast",FALSE,1
"BS",2021-06-02,2021-05-24,"quantile",0.5,0,"COVID-19","Epiforecast",FALSE,0
"BS",2021-06-02,2021-05-25,"quantile",0.5,0,"COVID-19","Epiforecast",FALSE,0
"BS",2021-06-02,2021-05-26,"quantile",0.5,1,"COVID-19","Epiforecast",FALSE,1
"BS",2021-06-02,2021-05-27,"quantile",0.5,0,"COVID-19","Epiforecast",FALSE,0
"BS",2021-06-02,2021-05-28,"quantile",0.5,1,"COVID-19","Epiforecast",FALSE,1
"BS",2021-06-02,2021-05-29,"quantile",0.5,0,"COVID-19","Epiforecast",FALSE,0
"BS",2021-06-02,2021-05-30,"quantile",0.5,0,"COVID-19","Epiforecast",FALSE,0
"BS",2021-06-02,2021-05-31,"quantile",0.5,0,"COVID-19","Epiforecast",FALSE,0
"BS",2021-06-02,2021-06-01,"quantile",0.5,0,"COVID-19","Epiforecast",FALSE,0
"BS",2021-06-02,2021-06-02,"quantile",0.5,0,"COVID-19","Epiforecast",FALSE,1
"BS",2021-06-02,2021-05-24,"quantile",0.65,0,"COVID-19","Epiforecast",FALSE,0
"BS",2021-06-02,2021-05-25,"quantile",0.65,0,"COVID-19","Epiforecast",FALSE,0
"BS",2021-06-02,2021-05-26,"quantile",0.65,1,"COVID-19","Epiforecast",FALSE,1
"BS",2021-06-02,2021-05-27,"quantile",0.65,0,"COVID-19","Epiforecast",FALSE,0
"BS",2021-06-02,2021-05-28,"quantile",0.65,1,"COVID-19","Epiforecast",FALSE,1
"BS",2021-06-02,2021-05-29,"quantile",0.65,0,"COVID-19","Epiforecast",FALSE,0
"BS",2021-06-02,2021-05-30,"quantile",0.65,0,"COVID-19","Epiforecast",FALSE,0
"BS",2021-06-02,2021-05-31,"quantile",0.65,0,"COVID-19","Epiforecast",FALSE,0
"BS",2021-06-02,2021-06-01,"quantile",0.65,1,"COVID-19","Epiforecast",FALSE,0
"BS",2021-06-02,2021-06-02,"quantile",0.65,1,"COVID-19","Epiforecast",FALSE,1
"BS",2021-06-02,2021-05-24,"quantile",0.8,0,"COVID-19","Epiforecast",FALSE,0
"BS",2021-06-02,2021-05-25,"quantile",0.8,0,"COVID-19","Epiforecast",FALSE,0
"BS",2021-06-02,2021-05-26,"quantile",0.8,1,"COVID-19","Epiforecast",FALSE,1
"BS",2021-06-02,2021-05-27,"quantile",0.8,0,"COVID-19","Epiforecast",FALSE,0
"BS",2021-06-02,2021-05-28,"quantile",0.8,1,"COVID-19","Epiforecast",FALSE,1
"BS",2021-06-02,2021-05-29,"quantile",0.8,0,"COVID-19","Epiforecast",FALSE,0
"BS",2021-06-02,2021-05-30,"quantile",0.8,0,"COVID-19","Epiforecast",FALSE,0
"BS",2021-06-02,2021-05-31,"quantile",0.8,1,"COVID-19","Epiforecast",FALSE,0
"BS",2021-06-02,2021-06-01,"quantile",0.8,1,"COVID-19","Epiforecast",FALSE,0
"BS",2021-06-02,2021-06-02,"quantile",0.8,1,"COVID-19","Epiforecast",FALSE,1
"BS",2021-06-02,2021-05-24,"quantile",0.95,0,"COVID-19","Epiforecast",FALSE,0
"BS",2021-06-02,2021-05-25,"quantile",0.95,0,"COVID-19","Epiforecast",FALSE,0
"BS",2021-06-02,2021-05-26,"quantile",0.95,1,"COVID-19","Epiforecast",FALSE,1
"BS",2021-06-02,2021-05-27,"quantile",0.95,1,"COVID-19","Epiforecast",FALSE,0
"BS",2021-06-02,2021-05-28,"quantile",0.95,2,"COVID-19","Epiforecast",FALSE,1
"BS",2021-06-02,2021-05-29,"quantile",0.95,1,"COVID-19","Epiforecast",FALSE,0
"BS",2021-06-02,2021-05-30,"quantile",0.95,1,"COVID-19","Epiforecast",FALSE,0
"BS",2021-06-02,2021-05-31,"quantile",0.95,2,"COVID-19","Epiforecast",FALSE,0
"BS",2021-06-02,2021-06-01,"quantile",0.95,2,"COVID-19","Epiforecast",FALSE,0
"BS",2021-06-02,2021-06-02,"quantile",0.95,2,"COVID-19","Epiforecast",FALSE,1
"BS",2021-06-02,2021-05-24,"median",0.5,0,"COVID-19","Epiforecast",FALSE,0
"BS",2021-06-02,2021-05-25,"median",0.5,0,"COVID-19","Epiforecast",FALSE,0
"BS",2021-06-02,2021-05-26,"median",0.5,1,"COVID-19","Epiforecast",FALSE,1
"BS",2021-06-02,2021-05-27,"median",0.5,0,"COVID-19","Epiforecast",FALSE,0
"BS",2021-06-02,2021-05-28,"median",0.5,1,"COVID-19","Epiforecast",FALSE,1
"BS",2021-06-02,2021-05-29,"median",0.5,0,"COVID-19","Epiforecast",FALSE,0
"BS",2021-06-02,2021-05-30,"median",0.5,0,"COVID-19","Epiforecast",FALSE,0
"BS",2021-06-02,2021-05-31,"median",0.5,0,"COVID-19","Epiforecast",FALSE,0
"BS",2021-06-02,2021-06-01,"median",0.5,0,"COVID-19","Epiforecast",FALSE,0
"BS",2021-06-02,2021-06-02,"median",0.5,0,"COVID-19","Epiforecast",FALSE,1
"BS",2021-06-02,2021-05-24,"mean",NA,0,"COVID-19","Epiforecast",FALSE,0
"BS",2021-06-02,2021-05-25,"mean",NA,0.019,"COVID-19","Epiforecast",FALSE,0
"BS",2021-06-02,2021-05-26,"mean",NA,1.046,"COVID-19","Epiforecast",FALSE,1
"BS",2021-06-02,2021-05-27,"mean",NA,0.07,"COVID-19","Epiforecast",FALSE,0
"BS",2021-06-02,2021-05-28,"mean",NA,1.067,"COVID-19","Epiforecast",FALSE,1
"BS",2021-06-02,2021-05-29,"mean",NA,0.098,"COVID-19","Epiforecast",FALSE,0
"BS",2021-06-02,2021-05-30,"mean",NA,0.203,"COVID-19","Epiforecast",FALSE,0
"BS",2021-06-02,2021-05-31,"mean",NA,0.331,"COVID-19","Epiforecast",FALSE,0
"BS",2021-06-02,2021-06-01,"mean",NA,0.546,"COVID-19","Epiforecast",FALSE,0
"BS",2021-06-02,2021-06-02,"mean",NA,0.634,"COVID-19","Epiforecast",FALSE,1
"BS",2021-06-03,2021-05-25,"quantile",0.05,0,"COVID-19","Epiforecast",FALSE,0
"BS",2021-06-03,2021-05-26,"quantile",0.05,1,"COVID-19","Epiforecast",FALSE,1
"BS",2021-06-03,2021-05-27,"quantile",0.05,0,"COVID-19","Epiforecast",FALSE,0
"BS",2021-06-03,2021-05-28,"quantile",0.05,1,"COVID-19","Epiforecast",FALSE,1
"BS",2021-06-03,2021-05-29,"quantile",0.05,0,"COVID-19","Epiforecast",FALSE,0
"BS",2021-06-03,2021-05-30,"quantile",0.05,0,"COVID-19","Epiforecast",FALSE,0
"BS",2021-06-03,2021-05-31,"quantile",0.05,0,"COVID-19","Epiforecast",FALSE,0
"BS",2021-06-03,2021-06-01,"quantile",0.05,0,"COVID-19","Epiforecast",FALSE,0
"BS",2021-06-03,2021-06-02,"quantile",0.05,1,"COVID-19","Epiforecast",FALSE,1
"BS",2021-06-03,2021-06-03,"quantile",0.05,0,"COVID-19","Epiforecast",FALSE,1
"BS",2021-06-03,2021-05-25,"quantile",0.2,0,"COVID-19","Epiforecast",FALSE,0
"BS",2021-06-03,2021-05-26,"quantile",0.2,1,"COVID-19","Epiforecast",FALSE,1
"BS",2021-06-03,2021-05-27,"quantile",0.2,0,"COVID-19","Epiforecast",FALSE,0
"BS",2021-06-03,2021-05-28,"quantile",0.2,1,"COVID-19","Epiforecast",FALSE,1
"BS",2021-06-03,2021-05-29,"quantile",0.2,0,"COVID-19","Epiforecast",FALSE,0
"BS",2021-06-03,2021-05-30,"quantile",0.2,0,"COVID-19","Epiforecast",FALSE,0
"BS",2021-06-03,2021-05-31,"quantile",0.2,0,"COVID-19","Epiforecast",FALSE,0
"BS",2021-06-03,2021-06-01,"quantile",0.2,0,"COVID-19","Epiforecast",FALSE,0
"BS",2021-06-03,2021-06-02,"quantile",0.2,1,"COVID-19","Epiforecast",FALSE,1
"BS",2021-06-03,2021-06-03,"quantile",0.2,0,"COVID-19","Epiforecast",FALSE,1
"BS",2021-06-03,2021-05-25,"quantile",0.35,0,"COVID-19","Epiforecast",FALSE,0
"BS",2021-06-03,2021-05-26,"quantile",0.35,1,"COVID-19","Epiforecast",FALSE,1
"BS",2021-06-03,2021-05-27,"quantile",0.35,0,"COVID-19","Epiforecast",FALSE,0
"BS",2021-06-03,2021-05-28,"quantile",0.35,1,"COVID-19","Epiforecast",FALSE,1
"BS",2021-06-03,2021-05-29,"quantile",0.35,0,"COVID-19","Epiforecast",FALSE,0
"BS",2021-06-03,2021-05-30,"quantile",0.35,0,"COVID-19","Epiforecast",FALSE,0
"BS",2021-06-03,2021-05-31,"quantile",0.35,0,"COVID-19","Epiforecast",FALSE,0
"BS",2021-06-03,2021-06-01,"quantile",0.35,0,"COVID-19","Epiforecast",FALSE,0
"BS",2021-06-03,2021-06-02,"quantile",0.35,1,"COVID-19","Epiforecast",FALSE,1
"BS",2021-06-03,2021-06-03,"quantile",0.35,0,"COVID-19","Epiforecast",FALSE,1
"BS",2021-06-03,2021-05-25,"quantile",0.5,0,"COVID-19","Epiforecast",FALSE,0
"BS",2021-06-03,2021-05-26,"quantile",0.5,1,"COVID-19","Epiforecast",FALSE,1
"BS",2021-06-03,2021-05-27,"quantile",0.5,0,"COVID-19","Epiforecast",FALSE,0
"BS",2021-06-03,2021-05-28,"quantile",0.5,1,"COVID-19","Epiforecast",FALSE,1
"BS",2021-06-03,2021-05-29,"quantile",0.5,0,"COVID-19","Epiforecast",FALSE,0
"BS",2021-06-03,2021-05-30,"quantile",0.5,0,"COVID-19","Epiforecast",FALSE,0
"BS",2021-06-03,2021-05-31,"quantile",0.5,0,"COVID-19","Epiforecast",FALSE,0
"BS",2021-06-03,2021-06-01,"quantile",0.5,0,"COVID-19","Epiforecast",FALSE,0
"BS",2021-06-03,2021-06-02,"quantile",0.5,1,"COVID-19","Epiforecast",FALSE,1
"BS",2021-06-03,2021-06-03,"quantile",0.5,0,"COVID-19","Epiforecast",FALSE,1
"BS",2021-06-03,2021-05-25,"quantile",0.65,0,"COVID-19","Epiforecast",FALSE,0
"BS",2021-06-03,2021-05-26,"quantile",0.65,1,"COVID-19","Epiforecast",FALSE,1
"BS",2021-06-03,2021-05-27,"quantile",0.65,0,"COVID-19","Epiforecast",FALSE,0
"BS",2021-06-03,2021-05-28,"quantile",0.65,1,"COVID-19","Epiforecast",FALSE,1
"BS",2021-06-03,2021-05-29,"quantile",0.65,0,"COVID-19","Epiforecast",FALSE,0
"BS",2021-06-03,2021-05-30,"quantile",0.65,0,"COVID-19","Epiforecast",FALSE,0
"BS",2021-06-03,2021-05-31,"quantile",0.65,0,"COVID-19","Epiforecast",FALSE,0
"BS",2021-06-03,2021-06-01,"quantile",0.65,0,"COVID-19","Epiforecast",FALSE,0
"BS",2021-06-03,2021-06-02,"quantile",0.65,2,"COVID-19","Epiforecast",FALSE,1
"BS",2021-06-03,2021-06-03,"quantile",0.65,1,"COVID-19","Epiforecast",FALSE,1
"BS",2021-06-03,2021-05-25,"quantile",0.8,0,"COVID-19","Epiforecast",FALSE,0
"BS",2021-06-03,2021-05-26,"quantile",0.8,1,"COVID-19","Epiforecast",FALSE,1
"BS",2021-06-03,2021-05-27,"quantile",0.8,0,"COVID-19","Epiforecast",FALSE,0
"BS",2021-06-03,2021-05-28,"quantile",0.8,1,"COVID-19","Epiforecast",FALSE,1
"BS",2021-06-03,2021-05-29,"quantile",0.8,0,"COVID-19","Epiforecast",FALSE,0
"BS",2021-06-03,2021-05-30,"quantile",0.8,0,"COVID-19","Epiforecast",FALSE,0
"BS",2021-06-03,2021-05-31,"quantile",0.8,0,"COVID-19","Epiforecast",FALSE,0
"BS",2021-06-03,2021-06-01,"quantile",0.8,1,"COVID-19","Epiforecast",FALSE,0
"BS",2021-06-03,2021-06-02,"quantile",0.8,2,"COVID-19","Epiforecast",FALSE,1
"BS",2021-06-03,2021-06-03,"quantile",0.8,1,"COVID-19","Epiforecast",FALSE,1
"BS",2021-06-03,2021-05-25,"quantile",0.95,0,"COVID-19","Epiforecast",FALSE,0
"BS",2021-06-03,2021-05-26,"quantile",0.95,1,"COVID-19","Epiforecast",FALSE,1
"BS",2021-06-03,2021-05-27,"quantile",0.95,0,"COVID-19","Epiforecast",FALSE,0
"BS",2021-06-03,2021-05-28,"quantile",0.95,1,"COVID-19","Epiforecast",FALSE,1
"BS",2021-06-03,2021-05-29,"quantile",0.95,0,"COVID-19","Epiforecast",FALSE,0
"BS",2021-06-03,2021-05-30,"quantile",0.95,1,"COVID-19","Epiforecast",FALSE,0
"BS",2021-06-03,2021-05-31,"quantile",0.95,1,"COVID-19","Epiforecast",FALSE,0
"BS",2021-06-03,2021-06-01,"quantile",0.95,2,"COVID-19","Epiforecast",FALSE,0
"BS",2021-06-03,2021-06-02,"quantile",0.95,3,"COVID-19","Epiforecast",FALSE,1
"BS",2021-06-03,2021-06-03,"quantile",0.95,2,"COVID-19","Epiforecast",FALSE,1
"BS",2021-06-03,2021-05-25,"median",0.5,0,"COVID-19","Epiforecast",FALSE,0
"BS",2021-06-03,2021-05-26,"median",0.5,1,"COVID-19","Epiforecast",FALSE,1
"BS",2021-06-03,2021-05-27,"median",0.5,0,"COVID-19","Epiforecast",FALSE,0
"BS",2021-06-03,2021-05-28,"median",0.5,1,"COVID-19","Epiforecast",FALSE,1
"BS",2021-06-03,2021-05-29,"median",0.5,0,"COVID-19","Epiforecast",FALSE,0
"BS",2021-06-03,2021-05-30,"median",0.5,0,"COVID-19","Epiforecast",FALSE,0
"BS",2021-06-03,2021-05-31,"median",0.5,0,"COVID-19","Epiforecast",FALSE,0
"BS",2021-06-03,2021-06-01,"median",0.5,0,"COVID-19","Epiforecast",FALSE,0
"BS",2021-06-03,2021-06-02,"median",0.5,1,"COVID-19","Epiforecast",FALSE,1
"BS",2021-06-03,2021-06-03,"median",0.5,0,"COVID-19","Epiforecast",FALSE,1
"BS",2021-06-03,2021-05-25,"mean",NA,0,"COVID-19","Epiforecast",FALSE,0
"BS",2021-06-03,2021-05-26,"mean",NA,1.009,"COVID-19","Epiforecast",FALSE,1
"BS",2021-06-03,2021-05-27,"mean",NA,0.033,"COVID-19","Epiforecast",FALSE,0
"BS",2021-06-03,2021-05-28,"mean",NA,1.028,"COVID-19","Epiforecast",FALSE,1
"BS",2021-06-03,2021-05-29,"mean",NA,0.048,"COVID-19","Epiforecast",FALSE,0
"BS",2021-06-03,2021-05-30,"mean",NA,0.07,"COVID-19","Epiforecast",FALSE,0
"BS",2021-06-03,2021-05-31,"mean",NA,0.201,"COVID-19","Epiforecast",FALSE,0
"BS",2021-06-03,2021-06-01,"mean",NA,0.374,"COVID-19","Epiforecast",FALSE,0
"BS",2021-06-03,2021-06-02,"mean",NA,1.624,"COVID-19","Epiforecast",FALSE,1
"BS",2021-06-03,2021-06-03,"mean",NA,0.686,"COVID-19","Epiforecast",FALSE,1
"BS",2021-06-04,2021-05-26,"quantile",0.05,1,"COVID-19","Epiforecast",FALSE,1
"BS",2021-06-04,2021-05-27,"quantile",0.05,0,"COVID-19","Epiforecast",FALSE,0
"BS",2021-06-04,2021-05-28,"quantile",0.05,1,"COVID-19","Epiforecast",FALSE,1
"BS",2021-06-04,2021-05-29,"quantile",0.05,0,"COVID-19","Epiforecast",FALSE,0
"BS",2021-06-04,2021-05-30,"quantile",0.05,0,"COVID-19","Epiforecast",FALSE,0
"BS",2021-06-04,2021-05-31,"quantile",0.05,0,"COVID-19","Epiforecast",FALSE,0
"BS",2021-06-04,2021-06-01,"quantile",0.05,0,"COVID-19","Epiforecast",FALSE,0
"BS",2021-06-04,2021-06-02,"quantile",0.05,1,"COVID-19","Epiforecast",FALSE,1
"BS",2021-06-04,2021-06-03,"quantile",0.05,0,"COVID-19","Epiforecast",FALSE,1
"BS",2021-06-04,2021-06-04,"quantile",0.05,0,"COVID-19","Epiforecast",FALSE,0
"BS",2021-06-04,2021-05-26,"quantile",0.2,1,"COVID-19","Epiforecast",FALSE,1
"BS",2021-06-04,2021-05-27,"quantile",0.2,0,"COVID-19","Epiforecast",FALSE,0
"BS",2021-06-04,2021-05-28,"quantile",0.2,1,"COVID-19","Epiforecast",FALSE,1
"BS",2021-06-04,2021-05-29,"quantile",0.2,0,"COVID-19","Epiforecast",FALSE,0
"BS",2021-06-04,2021-05-30,"quantile",0.2,0,"COVID-19","Epiforecast",FALSE,0
"BS",2021-06-04,2021-05-31,"quantile",0.2,0,"COVID-19","Epiforecast",FALSE,0
"BS",2021-06-04,2021-06-01,"quantile",0.2,0,"COVID-19","Epiforecast",FALSE,0
"BS",2021-06-04,2021-06-02,"quantile",0.2,1,"COVID-19","Epiforecast",FALSE,1
"BS",2021-06-04,2021-06-03,"quantile",0.2,0,"COVID-19","Epiforecast",FALSE,1
"BS",2021-06-04,2021-06-04,"quantile",0.2,0,"COVID-19","Epiforecast",FALSE,0
"BS",2021-06-04,2021-05-26,"quantile",0.35,1,"COVID-19","Epiforecast",FALSE,1
"BS",2021-06-04,2021-05-27,"quantile",0.35,0,"COVID-19","Epiforecast",FALSE,0
"BS",2021-06-04,2021-05-28,"quantile",0.35,1,"COVID-19","Epiforecast",FALSE,1
"BS",2021-06-04,2021-05-29,"quantile",0.35,0,"COVID-19","Epiforecast",FALSE,0
"BS",2021-06-04,2021-05-30,"quantile",0.35,0,"COVID-19","Epiforecast",FALSE,0
"BS",2021-06-04,2021-05-31,"quantile",0.35,0,"COVID-19","Epiforecast",FALSE,0
"BS",2021-06-04,2021-06-01,"quantile",0.35,0,"COVID-19","Epiforecast",FALSE,0
"BS",2021-06-04,2021-06-02,"quantile",0.35,1,"COVID-19","Epiforecast",FALSE,1
"BS",2021-06-04,2021-06-03,"quantile",0.35,0,"COVID-19","Epiforecast",FALSE,1
"BS",2021-06-04,2021-06-04,"quantile",0.35,0,"COVID-19","Epiforecast",FALSE,0
"BS",2021-06-04,2021-05-26,"quantile",0.5,1,"COVID-19","Epiforecast",FALSE,1
"BS",2021-06-04,2021-05-27,"quantile",0.5,0,"COVID-19","Epiforecast",FALSE,0
"BS",2021-06-04,2021-05-28,"quantile",0.5,1,"COVID-19","Epiforecast",FALSE,1
"BS",2021-06-04,2021-05-29,"quantile",0.5,0,"COVID-19","Epiforecast",FALSE,0
"BS",2021-06-04,2021-05-30,"quantile",0.5,0,"COVID-19","Epiforecast",FALSE,0
"BS",2021-06-04,2021-05-31,"quantile",0.5,0,"COVID-19","Epiforecast",FALSE,0
"BS",2021-06-04,2021-06-01,"quantile",0.5,0,"COVID-19","Epiforecast",FALSE,0
"BS",2021-06-04,2021-06-02,"quantile",0.5,1,"COVID-19","Epiforecast",FALSE,1
"BS",2021-06-04,2021-06-03,"quantile",0.5,0,"COVID-19","Epiforecast",FALSE,1
"BS",2021-06-04,2021-06-04,"quantile",0.5,0,"COVID-19","Epiforecast",FALSE,0
"BS",2021-06-04,2021-05-26,"quantile",0.65,1,"COVID-19","Epiforecast",FALSE,1
"BS",2021-06-04,2021-05-27,"quantile",0.65,0,"COVID-19","Epiforecast",FALSE,0
"BS",2021-06-04,2021-05-28,"quantile",0.65,1,"COVID-19","Epiforecast",FALSE,1
"BS",2021-06-04,2021-05-29,"quantile",0.65,0,"COVID-19","Epiforecast",FALSE,0
"BS",2021-06-04,2021-05-30,"quantile",0.65,0,"COVID-19","Epiforecast",FALSE,0
"BS",2021-06-04,2021-05-31,"quantile",0.65,0,"COVID-19","Epiforecast",FALSE,0
"BS",2021-06-04,2021-06-01,"quantile",0.65,0,"COVID-19","Epiforecast",FALSE,0
"BS",2021-06-04,2021-06-02,"quantile",0.65,1,"COVID-19","Epiforecast",FALSE,1
"BS",2021-06-04,2021-06-03,"quantile",0.65,1,"COVID-19","Epiforecast",FALSE,1
"BS",2021-06-04,2021-06-04,"quantile",0.65,1,"COVID-19","Epiforecast",FALSE,0
"BS",2021-06-04,2021-05-26,"quantile",0.8,1,"COVID-19","Epiforecast",FALSE,1
"BS",2021-06-04,2021-05-27,"quantile",0.8,0,"COVID-19","Epiforecast",FALSE,0
"BS",2021-06-04,2021-05-28,"quantile",0.8,1,"COVID-19","Epiforecast",FALSE,1
"BS",2021-06-04,2021-05-29,"quantile",0.8,0,"COVID-19","Epiforecast",FALSE,0
"BS",2021-06-04,2021-05-30,"quantile",0.8,0,"COVID-19","Epiforecast",FALSE,0
"BS",2021-06-04,2021-05-31,"quantile",0.8,0,"COVID-19","Epiforecast",FALSE,0
"BS",2021-06-04,2021-06-01,"quantile",0.8,0,"COVID-19","Epiforecast",FALSE,0
"BS",2021-06-04,2021-06-02,"quantile",0.8,2,"COVID-19","Epiforecast",FALSE,1
"BS",2021-06-04,2021-06-03,"quantile",0.8,1,"COVID-19","Epiforecast",FALSE,1
"BS",2021-06-04,2021-06-04,"quantile",0.8,1,"COVID-19","Epiforecast",FALSE,0
"BS",2021-06-04,2021-05-26,"quantile",0.95,1,"COVID-19","Epiforecast",FALSE,1
"BS",2021-06-04,2021-05-27,"quantile",0.95,0,"COVID-19","Epiforecast",FALSE,0
"BS",2021-06-04,2021-05-28,"quantile",0.95,1,"COVID-19","Epiforecast",FALSE,1
"BS",2021-06-04,2021-05-29,"quantile",0.95,0,"COVID-19","Epiforecast",FALSE,0
"BS",2021-06-04,2021-05-30,"quantile",0.95,0,"COVID-19","Epiforecast",FALSE,0
"BS",2021-06-04,2021-05-31,"quantile",0.95,1,"COVID-19","Epiforecast",FALSE,0
"BS",2021-06-04,2021-06-01,"quantile",0.95,1,"COVID-19","Epiforecast",FALSE,0
"BS",2021-06-04,2021-06-02,"quantile",0.95,3,"COVID-19","Epiforecast",FALSE,1
"BS",2021-06-04,2021-06-03,"quantile",0.95,2,"COVID-19","Epiforecast",FALSE,1
"BS",2021-06-04,2021-06-04,"quantile",0.95,2,"COVID-19","Epiforecast",FALSE,0
"BS",2021-06-04,2021-05-26,"median",0.5,1,"COVID-19","Epiforecast",FALSE,1
"BS",2021-06-04,2021-05-27,"median",0.5,0,"COVID-19","Epiforecast",FALSE,0
"BS",2021-06-04,2021-05-28,"median",0.5,1,"COVID-19","Epiforecast",FALSE,1
"BS",2021-06-04,2021-05-29,"median",0.5,0,"COVID-19","Epiforecast",FALSE,0
"BS",2021-06-04,2021-05-30,"median",0.5,0,"COVID-19","Epiforecast",FALSE,0
"BS",2021-06-04,2021-05-31,"median",0.5,0,"COVID-19","Epiforecast",FALSE,0
"BS",2021-06-04,2021-06-01,"median",0.5,0,"COVID-19","Epiforecast",FALSE,0
"BS",2021-06-04,2021-06-02,"median",0.5,1,"COVID-19","Epiforecast",FALSE,1
"BS",2021-06-04,2021-06-03,"median",0.5,0,"COVID-19","Epiforecast",FALSE,1
"BS",2021-06-04,2021-06-04,"median",0.5,0,"COVID-19","Epiforecast",FALSE,0
"BS",2021-06-04,2021-05-26,"mean",NA,1,"COVID-19","Epiforecast",FALSE,1
"BS",2021-06-04,2021-05-27,"mean",NA,0.012,"COVID-19","Epiforecast",FALSE,0
"BS",2021-06-04,2021-05-28,"mean",NA,1.015,"COVID-19","Epiforecast",FALSE,1
"BS",2021-06-04,2021-05-29,"mean",NA,0.021,"COVID-19","Epiforecast",FALSE,0
"BS",2021-06-04,2021-05-30,"mean",NA,0.03,"COVID-19","Epiforecast",FALSE,0
"BS",2021-06-04,2021-05-31,"mean",NA,0.091,"COVID-19","Epiforecast",FALSE,0
"BS",2021-06-04,2021-06-01,"mean",NA,0.188,"COVID-19","Epiforecast",FALSE,0
"BS",2021-06-04,2021-06-02,"mean",NA,1.379,"COVID-19","Epiforecast",FALSE,1
"BS",2021-06-04,2021-06-03,"mean",NA,0.528,"COVID-19","Epiforecast",FALSE,1
"BS",2021-06-04,2021-06-04,"mean",NA,0.665,"COVID-19","Epiforecast",FALSE,0
"BS",2021-06-05,2021-05-27,"quantile",0.05,0,"COVID-19","Epiforecast",FALSE,0
"BS",2021-06-05,2021-05-28,"quantile",0.05,1,"COVID-19","Epiforecast",FALSE,1
"BS",2021-06-05,2021-05-29,"quantile",0.05,0,"COVID-19","Epiforecast",FALSE,0
"BS",2021-06-05,2021-05-30,"quantile",0.05,0,"COVID-19","Epiforecast",FALSE,0
"BS",2021-06-05,2021-05-31,"quantile",0.05,0,"COVID-19","Epiforecast",FALSE,0
"BS",2021-06-05,2021-06-01,"quantile",0.05,0,"COVID-19","Epiforecast",FALSE,0
"BS",2021-06-05,2021-06-02,"quantile",0.05,1,"COVID-19","Epiforecast",FALSE,1
"BS",2021-06-05,2021-06-03,"quantile",0.05,0,"COVID-19","Epiforecast",FALSE,1
"BS",2021-06-05,2021-06-04,"quantile",0.05,0,"COVID-19","Epiforecast",FALSE,0
"BS",2021-06-05,2021-06-05,"quantile",0.05,0,"COVID-19","Epiforecast",FALSE,0
"BS",2021-06-05,2021-05-27,"quantile",0.2,0,"COVID-19","Epiforecast",FALSE,0
"BS",2021-06-05,2021-05-28,"quantile",0.2,1,"COVID-19","Epiforecast",FALSE,1
"BS",2021-06-05,2021-05-29,"quantile",0.2,0,"COVID-19","Epiforecast",FALSE,0
"BS",2021-06-05,2021-05-30,"quantile",0.2,0,"COVID-19","Epiforecast",FALSE,0
"BS",2021-06-05,2021-05-31,"quantile",0.2,0,"COVID-19","Epiforecast",FALSE,0
"BS",2021-06-05,2021-06-01,"quantile",0.2,0,"COVID-19","Epiforecast",FALSE,0
"BS",2021-06-05,2021-06-02,"quantile",0.2,1,"COVID-19","Epiforecast",FALSE,1
"BS",2021-06-05,2021-06-03,"quantile",0.2,0,"COVID-19","Epiforecast",FALSE,1
"BS",2021-06-05,2021-06-04,"quantile",0.2,0,"COVID-19","Epiforecast",FALSE,0
"BS",2021-06-05,2021-06-05,"quantile",0.2,0,"COVID-19","Epiforecast",FALSE,0
"BS",2021-06-05,2021-05-27,"quantile",0.35,0,"COVID-19","Epiforecast",FALSE,0
"BS",2021-06-05,2021-05-28,"quantile",0.35,1,"COVID-19","Epiforecast",FALSE,1
"BS",2021-06-05,2021-05-29,"quantile",0.35,0,"COVID-19","Epiforecast",FALSE,0
"BS",2021-06-05,2021-05-30,"quantile",0.35,0,"COVID-19","Epiforecast",FALSE,0
"BS",2021-06-05,2021-05-31,"quantile",0.35,0,"COVID-19","Epiforecast",FALSE,0
"BS",2021-06-05,2021-06-01,"quantile",0.35,0,"COVID-19","Epiforecast",FALSE,0
"BS",2021-06-05,2021-06-02,"quantile",0.35,1,"COVID-19","Epiforecast",FALSE,1
"BS",2021-06-05,2021-06-03,"quantile",0.35,0,"COVID-19","Epiforecast",FALSE,1
"BS",2021-06-05,2021-06-04,"quantile",0.35,0,"COVID-19","Epiforecast",FALSE,0
"BS",2021-06-05,2021-06-05,"quantile",0.35,1,"COVID-19","Epiforecast",FALSE,0
"BS",2021-06-05,2021-05-27,"quantile",0.5,0,"COVID-19","Epiforecast",FALSE,0
"BS",2021-06-05,2021-05-28,"quantile",0.5,1,"COVID-19","Epiforecast",FALSE,1
"BS",2021-06-05,2021-05-29,"quantile",0.5,0,"COVID-19","Epiforecast",FALSE,0
"BS",2021-06-05,2021-05-30,"quantile",0.5,0,"COVID-19","Epiforecast",FALSE,0
"BS",2021-06-05,2021-05-31,"quantile",0.5,0,"COVID-19","Epiforecast",FALSE,0
"BS",2021-06-05,2021-06-01,"quantile",0.5,0,"COVID-19","Epiforecast",FALSE,0
"BS",2021-06-05,2021-06-02,"quantile",0.5,1,"COVID-19","Epiforecast",FALSE,1
"BS",2021-06-05,2021-06-03,"quantile",0.5,1,"COVID-19","Epiforecast",FALSE,1
"BS",2021-06-05,2021-06-04,"quantile",0.5,1,"COVID-19","Epiforecast",FALSE,0
"BS",2021-06-05,2021-06-05,"quantile",0.5,1,"COVID-19","Epiforecast",FALSE,0
"BS",2021-06-05,2021-05-27,"quantile",0.65,0,"COVID-19","Epiforecast",FALSE,0
"BS",2021-06-05,2021-05-28,"quantile",0.65,1,"COVID-19","Epiforecast",FALSE,1
"BS",2021-06-05,2021-05-29,"quantile",0.65,0,"COVID-19","Epiforecast",FALSE,0
"BS",2021-06-05,2021-05-30,"quantile",0.65,0,"COVID-19","Epiforecast",FALSE,0
"BS",2021-06-05,2021-05-31,"quantile",0.65,0,"COVID-19","Epiforecast",FALSE,0
"BS",2021-06-05,2021-06-01,"quantile",0.65,0,"COVID-19","Epiforecast",FALSE,0
"BS",2021-06-05,2021-06-02,"quantile",0.65,2,"COVID-19","Epiforecast",FALSE,1
"BS",2021-06-05,2021-06-03,"quantile",0.65,1,"COVID-19","Epiforecast",FALSE,1
"BS",2021-06-05,2021-06-04,"quantile",0.65,1,"COVID-19","Epiforecast",FALSE,0
"BS",2021-06-05,2021-06-05,"quantile",0.65,2,"COVID-19","Epiforecast",FALSE,0
"BS",2021-06-05,2021-05-27,"quantile",0.8,0,"COVID-19","Epiforecast",FALSE,0
"BS",2021-06-05,2021-05-28,"quantile",0.8,1,"COVID-19","Epiforecast",FALSE,1
"BS",2021-06-05,2021-05-29,"quantile",0.8,0,"COVID-19","Epiforecast",FALSE,0
"BS",2021-06-05,2021-05-30,"quantile",0.8,0,"COVID-19","Epiforecast",FALSE,0
"BS",2021-06-05,2021-05-31,"quantile",0.8,0,"COVID-19","Epiforecast",FALSE,0
"BS",2021-06-05,2021-06-01,"quantile",0.8,1,"COVID-19","Epiforecast",FALSE,0
"BS",2021-06-05,2021-06-02,"quantile",0.8,2,"COVID-19","Epiforecast",FALSE,1
"BS",2021-06-05,2021-06-03,"quantile",0.8,2,"COVID-19","Epiforecast",FALSE,1
"BS",2021-06-05,2021-06-04,"quantile",0.8,2,"COVID-19","Epiforecast",FALSE,0
"BS",2021-06-05,2021-06-05,"quantile",0.8,2,"COVID-19","Epiforecast",FALSE,0
"BS",2021-06-05,2021-05-27,"quantile",0.95,0,"COVID-19","Epiforecast",FALSE,0
"BS",2021-06-05,2021-05-28,"quantile",0.95,1,"COVID-19","Epiforecast",FALSE,1
"BS",2021-06-05,2021-05-29,"quantile",0.95,0,"COVID-19","Epiforecast",FALSE,0
"BS",2021-06-05,2021-05-30,"quantile",0.95,0,"COVID-19","Epiforecast",FALSE,0
"BS",2021-06-05,2021-05-31,"quantile",0.95,1,"COVID-19","Epiforecast",FALSE,0
"BS",2021-06-05,2021-06-01,"quantile",0.95,2,"COVID-19","Epiforecast",FALSE,0
"BS",2021-06-05,2021-06-02,"quantile",0.95,4,"COVID-19","Epiforecast",FALSE,1
"BS",2021-06-05,2021-06-03,"quantile",0.95,3,"COVID-19","Epiforecast",FALSE,1
"BS",2021-06-05,2021-06-04,"quantile",0.95,4,"COVID-19","Epiforecast",FALSE,0
"BS",2021-06-05,2021-06-05,"quantile",0.95,4,"COVID-19","Epiforecast",FALSE,0
"BS",2021-06-05,2021-05-27,"median",0.5,0,"COVID-19","Epiforecast",FALSE,0
"BS",2021-06-05,2021-05-28,"median",0.5,1,"COVID-19","Epiforecast",FALSE,1
"BS",2021-06-05,2021-05-29,"median",0.5,0,"COVID-19","Epiforecast",FALSE,0
"BS",2021-06-05,2021-05-30,"median",0.5,0,"COVID-19","Epiforecast",FALSE,0
"BS",2021-06-05,2021-05-31,"median",0.5,0,"COVID-19","Epiforecast",FALSE,0
"BS",2021-06-05,2021-06-01,"median",0.5,0,"COVID-19","Epiforecast",FALSE,0
"BS",2021-06-05,2021-06-02,"median",0.5,1,"COVID-19","Epiforecast",FALSE,1
"BS",2021-06-05,2021-06-03,"median",0.5,1,"COVID-19","Epiforecast",FALSE,1
"BS",2021-06-05,2021-06-04,"median",0.5,1,"COVID-19","Epiforecast",FALSE,0
"BS",2021-06-05,2021-06-05,"median",0.5,1,"COVID-19","Epiforecast",FALSE,0
"BS",2021-06-05,2021-05-27,"mean",NA,0,"COVID-19","Epiforecast",FALSE,0
"BS",2021-06-05,2021-05-28,"mean",NA,1.009,"COVID-19","Epiforecast",FALSE,1
"BS",2021-06-05,2021-05-29,"mean",NA,0.032,"COVID-19","Epiforecast",FALSE,0
"BS",2021-06-05,2021-05-30,"mean",NA,0.048,"COVID-19","Epiforecast",FALSE,0
"BS",2021-06-05,2021-05-31,"mean",NA,0.14,"COVID-19","Epiforecast",FALSE,0
"BS",2021-06-05,2021-06-01,"mean",NA,0.402,"COVID-19","Epiforecast",FALSE,0
"BS",2021-06-05,2021-06-02,"mean",NA,1.77,"COVID-19","Epiforecast",FALSE,1
"BS",2021-06-05,2021-06-03,"mean",NA,1.094,"COVID-19","Epiforecast",FALSE,1
"BS",2021-06-05,2021-06-04,"mean",NA,1.161,"COVID-19","Epiforecast",FALSE,0
"BS",2021-06-05,2021-06-05,"mean",NA,1.299,"COVID-19","Epiforecast",FALSE,0
"BS",2021-06-06,2021-05-28,"quantile",0.05,1,"COVID-19","Epiforecast",FALSE,1
"BS",2021-06-06,2021-05-29,"quantile",0.05,0,"COVID-19","Epiforecast",FALSE,0
"BS",2021-06-06,2021-05-30,"quantile",0.05,0,"COVID-19","Epiforecast",FALSE,0
"BS",2021-06-06,2021-05-31,"quantile",0.05,0,"COVID-19","Epiforecast",FALSE,0
"BS",2021-06-06,2021-06-01,"quantile",0.05,0,"COVID-19","Epiforecast",FALSE,0
"BS",2021-06-06,2021-06-02,"quantile",0.05,1,"COVID-19","Epiforecast",FALSE,1
"BS",2021-06-06,2021-06-03,"quantile",0.05,0,"COVID-19","Epiforecast",FALSE,1
"BS",2021-06-06,2021-06-04,"quantile",0.05,0,"COVID-19","Epiforecast",FALSE,0
"BS",2021-06-06,2021-06-05,"quantile",0.05,0,"COVID-19","Epiforecast",FALSE,0
"BS",2021-06-06,2021-06-06,"quantile",0.05,0,"COVID-19","Epiforecast",FALSE,0
"BS",2021-06-06,2021-05-28,"quantile",0.2,1,"COVID-19","Epiforecast",FALSE,1
"BS",2021-06-06,2021-05-29,"quantile",0.2,0,"COVID-19","Epiforecast",FALSE,0
"BS",2021-06-06,2021-05-30,"quantile",0.2,0,"COVID-19","Epiforecast",FALSE,0
"BS",2021-06-06,2021-05-31,"quantile",0.2,0,"COVID-19","Epiforecast",FALSE,0
"BS",2021-06-06,2021-06-01,"quantile",0.2,0,"COVID-19","Epiforecast",FALSE,0
"BS",2021-06-06,2021-06-02,"quantile",0.2,1,"COVID-19","Epiforecast",FALSE,1
"BS",2021-06-06,2021-06-03,"quantile",0.2,0,"COVID-19","Epiforecast",FALSE,1
"BS",2021-06-06,2021-06-04,"quantile",0.2,0,"COVID-19","Epiforecast",FALSE,0
"BS",2021-06-06,2021-06-05,"quantile",0.2,0,"COVID-19","Epiforecast",FALSE,0
"BS",2021-06-06,2021-06-06,"quantile",0.2,0,"COVID-19","Epiforecast",FALSE,0
"BS",2021-06-06,2021-05-28,"quantile",0.35,1,"COVID-19","Epiforecast",FALSE,1
"BS",2021-06-06,2021-05-29,"quantile",0.35,0,"COVID-19","Epiforecast",FALSE,0
"BS",2021-06-06,2021-05-30,"quantile",0.35,0,"COVID-19","Epiforecast",FALSE,0
"BS",2021-06-06,2021-05-31,"quantile",0.35,0,"COVID-19","Epiforecast",FALSE,0
"BS",2021-06-06,2021-06-01,"quantile",0.35,0,"COVID-19","Epiforecast",FALSE,0
"BS",2021-06-06,2021-06-02,"quantile",0.35,1,"COVID-19","Epiforecast",FALSE,1
"BS",2021-06-06,2021-06-03,"quantile",0.35,0,"COVID-19","Epiforecast",FALSE,1
"BS",2021-06-06,2021-06-04,"quantile",0.35,0,"COVID-19","Epiforecast",FALSE,0
"BS",2021-06-06,2021-06-05,"quantile",0.35,0,"COVID-19","Epiforecast",FALSE,0
"BS",2021-06-06,2021-06-06,"quantile",0.35,0,"COVID-19","Epiforecast",FALSE,0
"BS",2021-06-06,2021-05-28,"quantile",0.5,1,"COVID-19","Epiforecast",FALSE,1
"BS",2021-06-06,2021-05-29,"quantile",0.5,0,"COVID-19","Epiforecast",FALSE,0
"BS",2021-06-06,2021-05-30,"quantile",0.5,0,"COVID-19","Epiforecast",FALSE,0
"BS",2021-06-06,2021-05-31,"quantile",0.5,0,"COVID-19","Epiforecast",FALSE,0
"BS",2021-06-06,2021-06-01,"quantile",0.5,0,"COVID-19","Epiforecast",FALSE,0
"BS",2021-06-06,2021-06-02,"quantile",0.5,1,"COVID-19","Epiforecast",FALSE,1
"BS",2021-06-06,2021-06-03,"quantile",0.5,1,"COVID-19","Epiforecast",FALSE,1
"BS",2021-06-06,2021-06-04,"quantile",0.5,1,"COVID-19","Epiforecast",FALSE,0
"BS",2021-06-06,2021-06-05,"quantile",0.5,1,"COVID-19","Epiforecast",FALSE,0
"BS",2021-06-06,2021-06-06,"quantile",0.5,1,"COVID-19","Epiforecast",FALSE,0
"BS",2021-06-06,2021-05-28,"quantile",0.65,1,"COVID-19","Epiforecast",FALSE,1
"BS",2021-06-06,2021-05-29,"quantile",0.65,0,"COVID-19","Epiforecast",FALSE,0
"BS",2021-06-06,2021-05-30,"quantile",0.65,0,"COVID-19","Epiforecast",FALSE,0
"BS",2021-06-06,2021-05-31,"quantile",0.65,0,"COVID-19","Epiforecast",FALSE,0
"BS",2021-06-06,2021-06-01,"quantile",0.65,0,"COVID-19","Epiforecast",FALSE,0
"BS",2021-06-06,2021-06-02,"quantile",0.65,2,"COVID-19","Epiforecast",FALSE,1
"BS",2021-06-06,2021-06-03,"quantile",0.65,1,"COVID-19","Epiforecast",FALSE,1
"BS",2021-06-06,2021-06-04,"quantile",0.65,1,"COVID-19","Epiforecast",FALSE,0
"BS",2021-06-06,2021-06-05,"quantile",0.65,1,"COVID-19","Epiforecast",FALSE,0
"BS",2021-06-06,2021-06-06,"quantile",0.65,1,"COVID-19","Epiforecast",FALSE,0
"BS",2021-06-06,2021-05-28,"quantile",0.8,1,"COVID-19","Epiforecast",FALSE,1
"BS",2021-06-06,2021-05-29,"quantile",0.8,0,"COVID-19","Epiforecast",FALSE,0
"BS",2021-06-06,2021-05-30,"quantile",0.8,0,"COVID-19","Epiforecast",FALSE,0
"BS",2021-06-06,2021-05-31,"quantile",0.8,0,"COVID-19","Epiforecast",FALSE,0
"BS",2021-06-06,2021-06-01,"quantile",0.8,1,"COVID-19","Epiforecast",FALSE,0
"BS",2021-06-06,2021-06-02,"quantile",0.8,2,"COVID-19","Epiforecast",FALSE,1
"BS",2021-06-06,2021-06-03,"quantile",0.8,2,"COVID-19","Epiforecast",FALSE,1
"BS",2021-06-06,2021-06-04,"quantile",0.8,2,"COVID-19","Epiforecast",FALSE,0
"BS",2021-06-06,2021-06-05,"quantile",0.8,2,"COVID-19","Epiforecast",FALSE,0
"BS",2021-06-06,2021-06-06,"quantile",0.8,2,"COVID-19","Epiforecast",FALSE,0
"BS",2021-06-06,2021-05-28,"quantile",0.95,1,"COVID-19","Epiforecast",FALSE,1
"BS",2021-06-06,2021-05-29,"quantile",0.95,0,"COVID-19","Epiforecast",FALSE,0
"BS",2021-06-06,2021-05-30,"quantile",0.95,1,"COVID-19","Epiforecast",FALSE,0
"BS",2021-06-06,2021-05-31,"quantile",0.95,1,"COVID-19","Epiforecast",FALSE,0
"BS",2021-06-06,2021-06-01,"quantile",0.95,1.04999999999995,"COVID-19","Epiforecast",FALSE,0
"BS",2021-06-06,2021-06-02,"quantile",0.95,3,"COVID-19","Epiforecast",FALSE,1
"BS",2021-06-06,2021-06-03,"quantile",0.95,3,"COVID-19","Epiforecast",FALSE,1
"BS",2021-06-06,2021-06-04,"quantile",0.95,3,"COVID-19","Epiforecast",FALSE,0
"BS",2021-06-06,2021-06-05,"quantile",0.95,3,"COVID-19","Epiforecast",FALSE,0
"BS",2021-06-06,2021-06-06,"quantile",0.95,3,"COVID-19","Epiforecast",FALSE,0
"BS",2021-06-06,2021-05-28,"median",0.5,1,"COVID-19","Epiforecast",FALSE,1
"BS",2021-06-06,2021-05-29,"median",0.5,0,"COVID-19","Epiforecast",FALSE,0
"BS",2021-06-06,2021-05-30,"median",0.5,0,"COVID-19","Epiforecast",FALSE,0
"BS",2021-06-06,2021-05-31,"median",0.5,0,"COVID-19","Epiforecast",FALSE,0
"BS",2021-06-06,2021-06-01,"median",0.5,0,"COVID-19","Epiforecast",FALSE,0
"BS",2021-06-06,2021-06-02,"median",0.5,1,"COVID-19","Epiforecast",FALSE,1
"BS",2021-06-06,2021-06-03,"median",0.5,1,"COVID-19","Epiforecast",FALSE,1
"BS",2021-06-06,2021-06-04,"median",0.5,1,"COVID-19","Epiforecast",FALSE,0
"BS",2021-06-06,2021-06-05,"median",0.5,1,"COVID-19","Epiforecast",FALSE,0
"BS",2021-06-06,2021-06-06,"median",0.5,1,"COVID-19","Epiforecast",FALSE,0
"BS",2021-06-06,2021-05-28,"mean",NA,1,"COVID-19","Epiforecast",FALSE,1
"BS",2021-06-06,2021-05-29,"mean",NA,0.029,"COVID-19","Epiforecast",FALSE,0
"BS",2021-06-06,2021-05-30,"mean",NA,0.071,"COVID-19","Epiforecast",FALSE,0
"BS",2021-06-06,2021-05-31,"mean",NA,0.192,"COVID-19","Epiforecast",FALSE,0
"BS",2021-06-06,2021-06-01,"mean",NA,0.348,"COVID-19","Epiforecast",FALSE,0
"BS",2021-06-06,2021-06-02,"mean",NA,1.609,"COVID-19","Epiforecast",FALSE,1
"BS",2021-06-06,2021-06-03,"mean",NA,0.854,"COVID-19","Epiforecast",FALSE,1
"BS",2021-06-06,2021-06-04,"mean",NA,0.974,"COVID-19","Epiforecast",FALSE,0
"BS",2021-06-06,2021-06-05,"mean",NA,1.031,"COVID-19","Epiforecast",FALSE,0
"BS",2021-06-06,2021-06-06,"mean",NA,0.977,"COVID-19","Epiforecast",FALSE,0
"BS",2021-06-07,2021-05-29,"quantile",0.05,0,"COVID-19","Epiforecast",FALSE,0
"BS",2021-06-07,2021-05-30,"quantile",0.05,0,"COVID-19","Epiforecast",FALSE,0
"BS",2021-06-07,2021-05-31,"quantile",0.05,0,"COVID-19","Epiforecast",FALSE,0
"BS",2021-06-07,2021-06-01,"quantile",0.05,0,"COVID-19","Epiforecast",FALSE,0
"BS",2021-06-07,2021-06-02,"quantile",0.05,1,"COVID-19","Epiforecast",FALSE,1
"BS",2021-06-07,2021-06-03,"quantile",0.05,1,"COVID-19","Epiforecast",FALSE,1
"BS",2021-06-07,2021-06-04,"quantile",0.05,0,"COVID-19","Epiforecast",FALSE,0
"BS",2021-06-07,2021-06-05,"quantile",0.05,0,"COVID-19","Epiforecast",FALSE,0
"BS",2021-06-07,2021-06-06,"quantile",0.05,0,"COVID-19","Epiforecast",FALSE,0
"BS",2021-06-07,2021-06-07,"quantile",0.05,0,"COVID-19","Epiforecast",FALSE,2
"BS",2021-06-07,2021-05-29,"quantile",0.2,0,"COVID-19","Epiforecast",FALSE,0
"BS",2021-06-07,2021-05-30,"quantile",0.2,0,"COVID-19","Epiforecast",FALSE,0
"BS",2021-06-07,2021-05-31,"quantile",0.2,0,"COVID-19","Epiforecast",FALSE,0
"BS",2021-06-07,2021-06-01,"quantile",0.2,0,"COVID-19","Epiforecast",FALSE,0
"BS",2021-06-07,2021-06-02,"quantile",0.2,1,"COVID-19","Epiforecast",FALSE,1
"BS",2021-06-07,2021-06-03,"quantile",0.2,1,"COVID-19","Epiforecast",FALSE,1
"BS",2021-06-07,2021-06-04,"quantile",0.2,0,"COVID-19","Epiforecast",FALSE,0
"BS",2021-06-07,2021-06-05,"quantile",0.2,0,"COVID-19","Epiforecast",FALSE,0
"BS",2021-06-07,2021-06-06,"quantile",0.2,0,"COVID-19","Epiforecast",FALSE,0
"BS",2021-06-07,2021-06-07,"quantile",0.2,0,"COVID-19","Epiforecast",FALSE,2
"BS",2021-06-07,2021-05-29,"quantile",0.35,0,"COVID-19","Epiforecast",FALSE,0
"BS",2021-06-07,2021-05-30,"quantile",0.35,0,"COVID-19","Epiforecast",FALSE,0
"BS",2021-06-07,2021-05-31,"quantile",0.35,0,"COVID-19","Epiforecast",FALSE,0
"BS",2021-06-07,2021-06-01,"quantile",0.35,0,"COVID-19","Epiforecast",FALSE,0
"BS",2021-06-07,2021-06-02,"quantile",0.35,1,"COVID-19","Epiforecast",FALSE,1
"BS",2021-06-07,2021-06-03,"quantile",0.35,1,"COVID-19","Epiforecast",FALSE,1
"BS",2021-06-07,2021-06-04,"quantile",0.35,0,"COVID-19","Epiforecast",FALSE,0
"BS",2021-06-07,2021-06-05,"quantile",0.35,0,"COVID-19","Epiforecast",FALSE,0
"BS",2021-06-07,2021-06-06,"quantile",0.35,0,"COVID-19","Epiforecast",FALSE,0
"BS",2021-06-07,2021-06-07,"quantile",0.35,0,"COVID-19","Epiforecast",FALSE,2
"BS",2021-06-07,2021-05-29,"quantile",0.5,0,"COVID-19","Epiforecast",FALSE,0
"BS",2021-06-07,2021-05-30,"quantile",0.5,0,"COVID-19","Epiforecast",FALSE,0
"BS",2021-06-07,2021-05-31,"quantile",0.5,0,"COVID-19","Epiforecast",FALSE,0
"BS",2021-06-07,2021-06-01,"quantile",0.5,0,"COVID-19","Epiforecast",FALSE,0
"BS",2021-06-07,2021-06-02,"quantile",0.5,1,"COVID-19","Epiforecast",FALSE,1
"BS",2021-06-07,2021-06-03,"quantile",0.5,1,"COVID-19","Epiforecast",FALSE,1
"BS",2021-06-07,2021-06-04,"quantile",0.5,0,"COVID-19","Epiforecast",FALSE,0
"BS",2021-06-07,2021-06-05,"quantile",0.5,0,"COVID-19","Epiforecast",FALSE,0
"BS",2021-06-07,2021-06-06,"quantile",0.5,0,"COVID-19","Epiforecast",FALSE,0
"BS",2021-06-07,2021-06-07,"quantile",0.5,0,"COVID-19","Epiforecast",FALSE,2
"BS",2021-06-07,2021-05-29,"quantile",0.65,0,"COVID-19","Epiforecast",FALSE,0
"BS",2021-06-07,2021-05-30,"quantile",0.65,0,"COVID-19","Epiforecast",FALSE,0
"BS",2021-06-07,2021-05-31,"quantile",0.65,0,"COVID-19","Epiforecast",FALSE,0
"BS",2021-06-07,2021-06-01,"quantile",0.65,0,"COVID-19","Epiforecast",FALSE,0
"BS",2021-06-07,2021-06-02,"quantile",0.65,1,"COVID-19","Epiforecast",FALSE,1
"BS",2021-06-07,2021-06-03,"quantile",0.65,1,"COVID-19","Epiforecast",FALSE,1
"BS",2021-06-07,2021-06-04,"quantile",0.65,0,"COVID-19","Epiforecast",FALSE,0
"BS",2021-06-07,2021-06-05,"quantile",0.65,0,"COVID-19","Epiforecast",FALSE,0
"BS",2021-06-07,2021-06-06,"quantile",0.65,1,"COVID-19","Epiforecast",FALSE,0
"BS",2021-06-07,2021-06-07,"quantile",0.65,1,"COVID-19","Epiforecast",FALSE,2
"BS",2021-06-07,2021-05-29,"quantile",0.8,0,"COVID-19","Epiforecast",FALSE,0
"BS",2021-06-07,2021-05-30,"quantile",0.8,0,"COVID-19","Epiforecast",FALSE,0
"BS",2021-06-07,2021-05-31,"quantile",0.8,0,"COVID-19","Epiforecast",FALSE,0
"BS",2021-06-07,2021-06-01,"quantile",0.8,0,"COVID-19","Epiforecast",FALSE,0
"BS",2021-06-07,2021-06-02,"quantile",0.8,1,"COVID-19","Epiforecast",FALSE,1
"BS",2021-06-07,2021-06-03,"quantile",0.8,1,"COVID-19","Epiforecast",FALSE,1
"BS",2021-06-07,2021-06-04,"quantile",0.8,1,"COVID-19","Epiforecast",FALSE,0
"BS",2021-06-07,2021-06-05,"quantile",0.8,1,"COVID-19","Epiforecast",FALSE,0
"BS",2021-06-07,2021-06-06,"quantile",0.8,1,"COVID-19","Epiforecast",FALSE,0
"BS",2021-06-07,2021-06-07,"quantile",0.8,1,"COVID-19","Epiforecast",FALSE,2
"BS",2021-06-07,2021-05-29,"quantile",0.95,0,"COVID-19","Epiforecast",FALSE,0
"BS",2021-06-07,2021-05-30,"quantile",0.95,0,"COVID-19","Epiforecast",FALSE,0
"BS",2021-06-07,2021-05-31,"quantile",0.95,0,"COVID-19","Epiforecast",FALSE,0
"BS",2021-06-07,2021-06-01,"quantile",0.95,1,"COVID-19","Epiforecast",FALSE,0
"BS",2021-06-07,2021-06-02,"quantile",0.95,2,"COVID-19","Epiforecast",FALSE,1
"BS",2021-06-07,2021-06-03,"quantile",0.95,2,"COVID-19","Epiforecast",FALSE,1
"BS",2021-06-07,2021-06-04,"quantile",0.95,1,"COVID-19","Epiforecast",FALSE,0
"BS",2021-06-07,2021-06-05,"quantile",0.95,2,"COVID-19","Epiforecast",FALSE,0
"BS",2021-06-07,2021-06-06,"quantile",0.95,2,"COVID-19","Epiforecast",FALSE,0
"BS",2021-06-07,2021-06-07,"quantile",0.95,2,"COVID-19","Epiforecast",FALSE,2
"BS",2021-06-07,2021-05-29,"median",0.5,0,"COVID-19","Epiforecast",FALSE,0
"BS",2021-06-07,2021-05-30,"median",0.5,0,"COVID-19","Epiforecast",FALSE,0
"BS",2021-06-07,2021-05-31,"median",0.5,0,"COVID-19","Epiforecast",FALSE,0
"BS",2021-06-07,2021-06-01,"median",0.5,0,"COVID-19","Epiforecast",FALSE,0
"BS",2021-06-07,2021-06-02,"median",0.5,1,"COVID-19","Epiforecast",FALSE,1
"BS",2021-06-07,2021-06-03,"median",0.5,1,"COVID-19","Epiforecast",FALSE,1
"BS",2021-06-07,2021-06-04,"median",0.5,0,"COVID-19","Epiforecast",FALSE,0
"BS",2021-06-07,2021-06-05,"median",0.5,0,"COVID-19","Epiforecast",FALSE,0
"BS",2021-06-07,2021-06-06,"median",0.5,0,"COVID-19","Epiforecast",FALSE,0
"BS",2021-06-07,2021-06-07,"median",0.5,0,"COVID-19","Epiforecast",FALSE,2
"BS",2021-06-07,2021-05-29,"mean",NA,0,"COVID-19","Epiforecast",FALSE,0
"BS",2021-06-07,2021-05-30,"mean",NA,0.009,"COVID-19","Epiforecast",FALSE,0
"BS",2021-06-07,2021-05-31,"mean",NA,0.024,"COVID-19","Epiforecast",FALSE,0
"BS",2021-06-07,2021-06-01,"mean",NA,0.076,"COVID-19","Epiforecast",FALSE,0
"BS",2021-06-07,2021-06-02,"mean",NA,1.132,"COVID-19","Epiforecast",FALSE,1
"BS",2021-06-07,2021-06-03,"mean",NA,1.196,"COVID-19","Epiforecast",FALSE,1
"BS",2021-06-07,2021-06-04,"mean",NA,0.274,"COVID-19","Epiforecast",FALSE,0
"BS",2021-06-07,2021-06-05,"mean",NA,0.398,"COVID-19","Epiforecast",FALSE,0
"BS",2021-06-07,2021-06-06,"mean",NA,0.494,"COVID-19","Epiforecast",FALSE,0
"BS",2021-06-07,2021-06-07,"mean",NA,0.679,"COVID-19","Epiforecast",FALSE,2
"BS",2021-06-08,2021-05-30,"quantile",0.05,0,"COVID-19","Epiforecast",FALSE,0
"BS",2021-06-08,2021-05-31,"quantile",0.05,0,"COVID-19","Epiforecast",FALSE,0
"BS",2021-06-08,2021-06-01,"quantile",0.05,0,"COVID-19","Epiforecast",FALSE,0
"BS",2021-06-08,2021-06-02,"quantile",0.05,1,"COVID-19","Epiforecast",FALSE,1
"BS",2021-06-08,2021-06-03,"quantile",0.05,1,"COVID-19","Epiforecast",FALSE,1
"BS",2021-06-08,2021-06-04,"quantile",0.05,0,"COVID-19","Epiforecast",FALSE,0
"BS",2021-06-08,2021-06-05,"quantile",0.05,0,"COVID-19","Epiforecast",FALSE,0
"BS",2021-06-08,2021-06-06,"quantile",0.05,0,"COVID-19","Epiforecast",FALSE,0
"BS",2021-06-08,2021-06-07,"quantile",0.05,0,"COVID-19","Epiforecast",FALSE,2
"BS",2021-06-08,2021-06-08,"quantile",0.05,0,"COVID-19","Epiforecast",FALSE,2
"BS",2021-06-08,2021-05-30,"quantile",0.2,0,"COVID-19","Epiforecast",FALSE,0
"BS",2021-06-08,2021-05-31,"quantile",0.2,0,"COVID-19","Epiforecast",FALSE,0
"BS",2021-06-08,2021-06-01,"quantile",0.2,0,"COVID-19","Epiforecast",FALSE,0
"BS",2021-06-08,2021-06-02,"quantile",0.2,1,"COVID-19","Epiforecast",FALSE,1
"BS",2021-06-08,2021-06-03,"quantile",0.2,1,"COVID-19","Epiforecast",FALSE,1
"BS",2021-06-08,2021-06-04,"quantile",0.2,0,"COVID-19","Epiforecast",FALSE,0
"BS",2021-06-08,2021-06-05,"quantile",0.2,0,"COVID-19","Epiforecast",FALSE,0
"BS",2021-06-08,2021-06-06,"quantile",0.2,0,"COVID-19","Epiforecast",FALSE,0
"BS",2021-06-08,2021-06-07,"quantile",0.2,0,"COVID-19","Epiforecast",FALSE,2
"BS",2021-06-08,2021-06-08,"quantile",0.2,0,"COVID-19","Epiforecast",FALSE,2
"BS",2021-06-08,2021-05-30,"quantile",0.35,0,"COVID-19","Epiforecast",FALSE,0
"BS",2021-06-08,2021-05-31,"quantile",0.35,0,"COVID-19","Epiforecast",FALSE,0
"BS",2021-06-08,2021-06-01,"quantile",0.35,0,"COVID-19","Epiforecast",FALSE,0
"BS",2021-06-08,2021-06-02,"quantile",0.35,1,"COVID-19","Epiforecast",FALSE,1
"BS",2021-06-08,2021-06-03,"quantile",0.35,1,"COVID-19","Epiforecast",FALSE,1
"BS",2021-06-08,2021-06-04,"quantile",0.35,0,"COVID-19","Epiforecast",FALSE,0
"BS",2021-06-08,2021-06-05,"quantile",0.35,0,"COVID-19","Epiforecast",FALSE,0
"BS",2021-06-08,2021-06-06,"quantile",0.35,0,"COVID-19","Epiforecast",FALSE,0
"BS",2021-06-08,2021-06-07,"quantile",0.35,0,"COVID-19","Epiforecast",FALSE,2
"BS",2021-06-08,2021-06-08,"quantile",0.35,0,"COVID-19","Epiforecast",FALSE,2
"BS",2021-06-08,2021-05-30,"quantile",0.5,0,"COVID-19","Epiforecast",FALSE,0
"BS",2021-06-08,2021-05-31,"quantile",0.5,0,"COVID-19","Epiforecast",FALSE,0
"BS",2021-06-08,2021-06-01,"quantile",0.5,0,"COVID-19","Epiforecast",FALSE,0
"BS",2021-06-08,2021-06-02,"quantile",0.5,1,"COVID-19","Epiforecast",FALSE,1
"BS",2021-06-08,2021-06-03,"quantile",0.5,1,"COVID-19","Epiforecast",FALSE,1
"BS",2021-06-08,2021-06-04,"quantile",0.5,0,"COVID-19","Epiforecast",FALSE,0
"BS",2021-06-08,2021-06-05,"quantile",0.5,0,"COVID-19","Epiforecast",FALSE,0
"BS",2021-06-08,2021-06-06,"quantile",0.5,0,"COVID-19","Epiforecast",FALSE,0
"BS",2021-06-08,2021-06-07,"quantile",0.5,0,"COVID-19","Epiforecast",FALSE,2
"BS",2021-06-08,2021-06-08,"quantile",0.5,0,"COVID-19","Epiforecast",FALSE,2
"BS",2021-06-08,2021-05-30,"quantile",0.65,0,"COVID-19","Epiforecast",FALSE,0
"BS",2021-06-08,2021-05-31,"quantile",0.65,0,"COVID-19","Epiforecast",FALSE,0
"BS",2021-06-08,2021-06-01,"quantile",0.65,0,"COVID-19","Epiforecast",FALSE,0
"BS",2021-06-08,2021-06-02,"quantile",0.65,1,"COVID-19","Epiforecast",FALSE,1
"BS",2021-06-08,2021-06-03,"quantile",0.65,1,"COVID-19","Epiforecast",FALSE,1
"BS",2021-06-08,2021-06-04,"quantile",0.65,0,"COVID-19","Epiforecast",FALSE,0
"BS",2021-06-08,2021-06-05,"quantile",0.65,0,"COVID-19","Epiforecast",FALSE,0
"BS",2021-06-08,2021-06-06,"quantile",0.65,0,"COVID-19","Epiforecast",FALSE,0
"BS",2021-06-08,2021-06-07,"quantile",0.65,1,"COVID-19","Epiforecast",FALSE,2
"BS",2021-06-08,2021-06-08,"quantile",0.65,1,"COVID-19","Epiforecast",FALSE,2
"BS",2021-06-08,2021-05-30,"quantile",0.8,0,"COVID-19","Epiforecast",FALSE,0
"BS",2021-06-08,2021-05-31,"quantile",0.8,0,"COVID-19","Epiforecast",FALSE,0
"BS",2021-06-08,2021-06-01,"quantile",0.8,0,"COVID-19","Epiforecast",FALSE,0
"BS",2021-06-08,2021-06-02,"quantile",0.8,1,"COVID-19","Epiforecast",FALSE,1
"BS",2021-06-08,2021-06-03,"quantile",0.8,1,"COVID-19","Epiforecast",FALSE,1
"BS",2021-06-08,2021-06-04,"quantile",0.8,0,"COVID-19","Epiforecast",FALSE,0
"BS",2021-06-08,2021-06-05,"quantile",0.8,0,"COVID-19","Epiforecast",FALSE,0
"BS",2021-06-08,2021-06-06,"quantile",0.8,1,"COVID-19","Epiforecast",FALSE,0
"BS",2021-06-08,2021-06-07,"quantile",0.8,1,"COVID-19","Epiforecast",FALSE,2
"BS",2021-06-08,2021-06-08,"quantile",0.8,1,"COVID-19","Epiforecast",FALSE,2
"BS",2021-06-08,2021-05-30,"quantile",0.95,0,"COVID-19","Epiforecast",FALSE,0
"BS",2021-06-08,2021-05-31,"quantile",0.95,0,"COVID-19","Epiforecast",FALSE,0
"BS",2021-06-08,2021-06-01,"quantile",0.95,0,"COVID-19","Epiforecast",FALSE,0
"BS",2021-06-08,2021-06-02,"quantile",0.95,2,"COVID-19","Epiforecast",FALSE,1
"BS",2021-06-08,2021-06-03,"quantile",0.95,2,"COVID-19","Epiforecast",FALSE,1
"BS",2021-06-08,2021-06-04,"quantile",0.95,1,"COVID-19","Epiforecast",FALSE,0
"BS",2021-06-08,2021-06-05,"quantile",0.95,1,"COVID-19","Epiforecast",FALSE,0
"BS",2021-06-08,2021-06-06,"quantile",0.95,2,"COVID-19","Epiforecast",FALSE,0
"BS",2021-06-08,2021-06-07,"quantile",0.95,2,"COVID-19","Epiforecast",FALSE,2
"BS",2021-06-08,2021-06-08,"quantile",0.95,2,"COVID-19","Epiforecast",FALSE,2
"BS",2021-06-08,2021-05-30,"median",0.5,0,"COVID-19","Epiforecast",FALSE,0
"BS",2021-06-08,2021-05-31,"median",0.5,0,"COVID-19","Epiforecast",FALSE,0
"BS",2021-06-08,2021-06-01,"median",0.5,0,"COVID-19","Epiforecast",FALSE,0
"BS",2021-06-08,2021-06-02,"median",0.5,1,"COVID-19","Epiforecast",FALSE,1
"BS",2021-06-08,2021-06-03,"median",0.5,1,"COVID-19","Epiforecast",FALSE,1
"BS",2021-06-08,2021-06-04,"median",0.5,0,"COVID-19","Epiforecast",FALSE,0
"BS",2021-06-08,2021-06-05,"median",0.5,0,"COVID-19","Epiforecast",FALSE,0
"BS",2021-06-08,2021-06-06,"median",0.5,0,"COVID-19","Epiforecast",FALSE,0
"BS",2021-06-08,2021-06-07,"median",0.5,0,"COVID-19","Epiforecast",FALSE,2
"BS",2021-06-08,2021-06-08,"median",0.5,0,"COVID-19","Epiforecast",FALSE,2
"BS",2021-06-08,2021-05-30,"mean",NA,0,"COVID-19","Epiforecast",FALSE,0
"BS",2021-06-08,2021-05-31,"mean",NA,0.008,"COVID-19","Epiforecast",FALSE,0
"BS",2021-06-08,2021-06-01,"mean",NA,0.025,"COVID-19","Epiforecast",FALSE,0
"BS",2021-06-08,2021-06-02,"mean",NA,1.084,"COVID-19","Epiforecast",FALSE,1
"BS",2021-06-08,2021-06-03,"mean",NA,1.099,"COVID-19","Epiforecast",FALSE,1
"BS",2021-06-08,2021-06-04,"mean",NA,0.149,"COVID-19","Epiforecast",FALSE,0
"BS",2021-06-08,2021-06-05,"mean",NA,0.181,"COVID-19","Epiforecast",FALSE,0
"BS",2021-06-08,2021-06-06,"mean",NA,0.344,"COVID-19","Epiforecast",FALSE,0
"BS",2021-06-08,2021-06-07,"mean",NA,0.512,"COVID-19","Epiforecast",FALSE,2
"BS",2021-06-08,2021-06-08,"mean",NA,0.56,"COVID-19","Epiforecast",FALSE,2
"BS",2021-06-09,2021-05-31,"quantile",0.05,0,"COVID-19","Epiforecast",FALSE,0
"BS",2021-06-09,2021-06-01,"quantile",0.05,0,"COVID-19","Epiforecast",FALSE,0
"BS",2021-06-09,2021-06-02,"quantile",0.05,1,"COVID-19","Epiforecast",FALSE,1
"BS",2021-06-09,2021-06-03,"quantile",0.05,1,"COVID-19","Epiforecast",FALSE,1
"BS",2021-06-09,2021-06-04,"quantile",0.05,0,"COVID-19","Epiforecast",FALSE,0
"BS",2021-06-09,2021-06-05,"quantile",0.05,0,"COVID-19","Epiforecast",FALSE,0
"BS",2021-06-09,2021-06-06,"quantile",0.05,0,"COVID-19","Epiforecast",FALSE,0
"BS",2021-06-09,2021-06-07,"quantile",0.05,2,"COVID-19","Epiforecast",FALSE,2
"BS",2021-06-09,2021-06-08,"quantile",0.05,0,"COVID-19","Epiforecast",FALSE,2
"BS",2021-06-09,2021-06-09,"quantile",0.05,0,"COVID-19","Epiforecast",FALSE,0
"BS",2021-06-09,2021-05-31,"quantile",0.2,0,"COVID-19","Epiforecast",FALSE,0
"BS",2021-06-09,2021-06-01,"quantile",0.2,0,"COVID-19","Epiforecast",FALSE,0
"BS",2021-06-09,2021-06-02,"quantile",0.2,1,"COVID-19","Epiforecast",FALSE,1
"BS",2021-06-09,2021-06-03,"quantile",0.2,1,"COVID-19","Epiforecast",FALSE,1
"BS",2021-06-09,2021-06-04,"quantile",0.2,0,"COVID-19","Epiforecast",FALSE,0
"BS",2021-06-09,2021-06-05,"quantile",0.2,0,"COVID-19","Epiforecast",FALSE,0
"BS",2021-06-09,2021-06-06,"quantile",0.2,0,"COVID-19","Epiforecast",FALSE,0
"BS",2021-06-09,2021-06-07,"quantile",0.2,2,"COVID-19","Epiforecast",FALSE,2
"BS",2021-06-09,2021-06-08,"quantile",0.2,0,"COVID-19","Epiforecast",FALSE,2
"BS",2021-06-09,2021-06-09,"quantile",0.2,0,"COVID-19","Epiforecast",FALSE,0
"BS",2021-06-09,2021-05-31,"quantile",0.35,0,"COVID-19","Epiforecast",FALSE,0
"BS",2021-06-09,2021-06-01,"quantile",0.35,0,"COVID-19","Epiforecast",FALSE,0
"BS",2021-06-09,2021-06-02,"quantile",0.35,1,"COVID-19","Epiforecast",FALSE,1
"BS",2021-06-09,2021-06-03,"quantile",0.35,1,"COVID-19","Epiforecast",FALSE,1
"BS",2021-06-09,2021-06-04,"quantile",0.35,0,"COVID-19","Epiforecast",FALSE,0
"BS",2021-06-09,2021-06-05,"quantile",0.35,0,"COVID-19","Epiforecast",FALSE,0
"BS",2021-06-09,2021-06-06,"quantile",0.35,0,"COVID-19","Epiforecast",FALSE,0
"BS",2021-06-09,2021-06-07,"quantile",0.35,2,"COVID-19","Epiforecast",FALSE,2
"BS",2021-06-09,2021-06-08,"quantile",0.35,0,"COVID-19","Epiforecast",FALSE,2
"BS",2021-06-09,2021-06-09,"quantile",0.35,0,"COVID-19","Epiforecast",FALSE,0
"BS",2021-06-09,2021-05-31,"quantile",0.5,0,"COVID-19","Epiforecast",FALSE,0
"BS",2021-06-09,2021-06-01,"quantile",0.5,0,"COVID-19","Epiforecast",FALSE,0
"BS",2021-06-09,2021-06-02,"quantile",0.5,1,"COVID-19","Epiforecast",FALSE,1
"BS",2021-06-09,2021-06-03,"quantile",0.5,1,"COVID-19","Epiforecast",FALSE,1
"BS",2021-06-09,2021-06-04,"quantile",0.5,0,"COVID-19","Epiforecast",FALSE,0
"BS",2021-06-09,2021-06-05,"quantile",0.5,0,"COVID-19","Epiforecast",FALSE,0
"BS",2021-06-09,2021-06-06,"quantile",0.5,0,"COVID-19","Epiforecast",FALSE,0
"BS",2021-06-09,2021-06-07,"quantile",0.5,2,"COVID-19","Epiforecast",FALSE,2
"BS",2021-06-09,2021-06-08,"quantile",0.5,0,"COVID-19","Epiforecast",FALSE,2
"BS",2021-06-09,2021-06-09,"quantile",0.5,0,"COVID-19","Epiforecast",FALSE,0
"BS",2021-06-09,2021-05-31,"quantile",0.65,0,"COVID-19","Epiforecast",FALSE,0
"BS",2021-06-09,2021-06-01,"quantile",0.65,0,"COVID-19","Epiforecast",FALSE,0
"BS",2021-06-09,2021-06-02,"quantile",0.65,1,"COVID-19","Epiforecast",FALSE,1
"BS",2021-06-09,2021-06-03,"quantile",0.65,1,"COVID-19","Epiforecast",FALSE,1
"BS",2021-06-09,2021-06-04,"quantile",0.65,0,"COVID-19","Epiforecast",FALSE,0
"BS",2021-06-09,2021-06-05,"quantile",0.65,0,"COVID-19","Epiforecast",FALSE,0
"BS",2021-06-09,2021-06-06,"quantile",0.65,0,"COVID-19","Epiforecast",FALSE,0
"BS",2021-06-09,2021-06-07,"quantile",0.65,2,"COVID-19","Epiforecast",FALSE,2
"BS",2021-06-09,2021-06-08,"quantile",0.65,1,"COVID-19","Epiforecast",FALSE,2
"BS",2021-06-09,2021-06-09,"quantile",0.65,1,"COVID-19","Epiforecast",FALSE,0
"BS",2021-06-09,2021-05-31,"quantile",0.8,0,"COVID-19","Epiforecast",FALSE,0
"BS",2021-06-09,2021-06-01,"quantile",0.8,0,"COVID-19","Epiforecast",FALSE,0
"BS",2021-06-09,2021-06-02,"quantile",0.8,1,"COVID-19","Epiforecast",FALSE,1
"BS",2021-06-09,2021-06-03,"quantile",0.8,1,"COVID-19","Epiforecast",FALSE,1
"BS",2021-06-09,2021-06-04,"quantile",0.8,0,"COVID-19","Epiforecast",FALSE,0
"BS",2021-06-09,2021-06-05,"quantile",0.8,0,"COVID-19","Epiforecast",FALSE,0
"BS",2021-06-09,2021-06-06,"quantile",0.8,0,"COVID-19","Epiforecast",FALSE,0
"BS",2021-06-09,2021-06-07,"quantile",0.8,3,"COVID-19","Epiforecast",FALSE,2
"BS",2021-06-09,2021-06-08,"quantile",0.8,1,"COVID-19","Epiforecast",FALSE,2
"BS",2021-06-09,2021-06-09,"quantile",0.8,1,"COVID-19","Epiforecast",FALSE,0
"BS",2021-06-09,2021-05-31,"quantile",0.95,0,"COVID-19","Epiforecast",FALSE,0
"BS",2021-06-09,2021-06-01,"quantile",0.95,0,"COVID-19","Epiforecast",FALSE,0
"BS",2021-06-09,2021-06-02,"quantile",0.95,1,"COVID-19","Epiforecast",FALSE,1
"BS",2021-06-09,2021-06-03,"quantile",0.95,2,"COVID-19","Epiforecast",FALSE,1
"BS",2021-06-09,2021-06-04,"quantile",0.95,1,"COVID-19","Epiforecast",FALSE,0
"BS",2021-06-09,2021-06-05,"quantile",0.95,1,"COVID-19","Epiforecast",FALSE,0
"BS",2021-06-09,2021-06-06,"quantile",0.95,1,"COVID-19","Epiforecast",FALSE,0
"BS",2021-06-09,2021-06-07,"quantile",0.95,4,"COVID-19","Epiforecast",FALSE,2
"BS",2021-06-09,2021-06-08,"quantile",0.95,2,"COVID-19","Epiforecast",FALSE,2
"BS",2021-06-09,2021-06-09,"quantile",0.95,2,"COVID-19","Epiforecast",FALSE,0
"BS",2021-06-09,2021-05-31,"median",0.5,0,"COVID-19","Epiforecast",FALSE,0
"BS",2021-06-09,2021-06-01,"median",0.5,0,"COVID-19","Epiforecast",FALSE,0
"BS",2021-06-09,2021-06-02,"median",0.5,1,"COVID-19","Epiforecast",FALSE,1
"BS",2021-06-09,2021-06-03,"median",0.5,1,"COVID-19","Epiforecast",FALSE,1
"BS",2021-06-09,2021-06-04,"median",0.5,0,"COVID-19","Epiforecast",FALSE,0
"BS",2021-06-09,2021-06-05,"median",0.5,0,"COVID-19","Epiforecast",FALSE,0
"BS",2021-06-09,2021-06-06,"median",0.5,0,"COVID-19","Epiforecast",FALSE,0
"BS",2021-06-09,2021-06-07,"median",0.5,2,"COVID-19","Epiforecast",FALSE,2
"BS",2021-06-09,2021-06-08,"median",0.5,0,"COVID-19","Epiforecast",FALSE,2
"BS",2021-06-09,2021-06-09,"median",0.5,0,"COVID-19","Epiforecast",FALSE,0
"BS",2021-06-09,2021-05-31,"mean",NA,0,"COVID-19","Epiforecast",FALSE,0
"BS",2021-06-09,2021-06-01,"mean",NA,0.022,"COVID-19","Epiforecast",FALSE,0
"BS",2021-06-09,2021-06-02,"mean",NA,1.033,"COVID-19","Epiforecast",FALSE,1
"BS",2021-06-09,2021-06-03,"mean",NA,1.061,"COVID-19","Epiforecast",FALSE,1
"BS",2021-06-09,2021-06-04,"mean",NA,0.065,"COVID-19","Epiforecast",FALSE,0
"BS",2021-06-09,2021-06-05,"mean",NA,0.096,"COVID-19","Epiforecast",FALSE,0
"BS",2021-06-09,2021-06-06,"mean",NA,0.167,"COVID-19","Epiforecast",FALSE,0
"BS",2021-06-09,2021-06-07,"mean",NA,2.404,"COVID-19","Epiforecast",FALSE,2
"BS",2021-06-09,2021-06-08,"mean",NA,0.602,"COVID-19","Epiforecast",FALSE,2
"BS",2021-06-09,2021-06-09,"mean",NA,0.658,"COVID-19","Epiforecast",FALSE,0
"BS",2021-06-10,2021-06-01,"quantile",0.05,0,"COVID-19","Epiforecast",FALSE,0
"BS",2021-06-10,2021-06-02,"quantile",0.05,1,"COVID-19","Epiforecast",FALSE,1
"BS",2021-06-10,2021-06-03,"quantile",0.05,1,"COVID-19","Epiforecast",FALSE,1
"BS",2021-06-10,2021-06-04,"quantile",0.05,0,"COVID-19","Epiforecast",FALSE,0
"BS",2021-06-10,2021-06-05,"quantile",0.05,0,"COVID-19","Epiforecast",FALSE,0
"BS",2021-06-10,2021-06-06,"quantile",0.05,0,"COVID-19","Epiforecast",FALSE,0
"BS",2021-06-10,2021-06-07,"quantile",0.05,2,"COVID-19","Epiforecast",FALSE,2
"BS",2021-06-10,2021-06-08,"quantile",0.05,1,"COVID-19","Epiforecast",FALSE,2
"BS",2021-06-10,2021-06-09,"quantile",0.05,0,"COVID-19","Epiforecast",FALSE,0
"BS",2021-06-10,2021-06-10,"quantile",0.05,0,"COVID-19","Epiforecast",FALSE,0
"BS",2021-06-10,2021-06-01,"quantile",0.2,0,"COVID-19","Epiforecast",FALSE,0
"BS",2021-06-10,2021-06-02,"quantile",0.2,1,"COVID-19","Epiforecast",FALSE,1
"BS",2021-06-10,2021-06-03,"quantile",0.2,1,"COVID-19","Epiforecast",FALSE,1
"BS",2021-06-10,2021-06-04,"quantile",0.2,0,"COVID-19","Epiforecast",FALSE,0
"BS",2021-06-10,2021-06-05,"quantile",0.2,0,"COVID-19","Epiforecast",FALSE,0
"BS",2021-06-10,2021-06-06,"quantile",0.2,0,"COVID-19","Epiforecast",FALSE,0
"BS",2021-06-10,2021-06-07,"quantile",0.2,2,"COVID-19","Epiforecast",FALSE,2
"BS",2021-06-10,2021-06-08,"quantile",0.2,1,"COVID-19","Epiforecast",FALSE,2
"BS",2021-06-10,2021-06-09,"quantile",0.2,0,"COVID-19","Epiforecast",FALSE,0
"BS",2021-06-10,2021-06-10,"quantile",0.2,0,"COVID-19","Epiforecast",FALSE,0
"BS",2021-06-10,2021-06-01,"quantile",0.35,0,"COVID-19","Epiforecast",FALSE,0
"BS",2021-06-10,2021-06-02,"quantile",0.35,1,"COVID-19","Epiforecast",FALSE,1
"BS",2021-06-10,2021-06-03,"quantile",0.35,1,"COVID-19","Epiforecast",FALSE,1
"BS",2021-06-10,2021-06-04,"quantile",0.35,0,"COVID-19","Epiforecast",FALSE,0
"BS",2021-06-10,2021-06-05,"quantile",0.35,0,"COVID-19","Epiforecast",FALSE,0
"BS",2021-06-10,2021-06-06,"quantile",0.35,0,"COVID-19","Epiforecast",FALSE,0
"BS",2021-06-10,2021-06-07,"quantile",0.35,2,"COVID-19","Epiforecast",FALSE,2
"BS",2021-06-10,2021-06-08,"quantile",0.35,1,"COVID-19","Epiforecast",FALSE,2
"BS",2021-06-10,2021-06-09,"quantile",0.35,0,"COVID-19","Epiforecast",FALSE,0
"BS",2021-06-10,2021-06-10,"quantile",0.35,0,"COVID-19","Epiforecast",FALSE,0
"BS",2021-06-10,2021-06-01,"quantile",0.5,0,"COVID-19","Epiforecast",FALSE,0
"BS",2021-06-10,2021-06-02,"quantile",0.5,1,"COVID-19","Epiforecast",FALSE,1
"BS",2021-06-10,2021-06-03,"quantile",0.5,1,"COVID-19","Epiforecast",FALSE,1
"BS",2021-06-10,2021-06-04,"quantile",0.5,0,"COVID-19","Epiforecast",FALSE,0
"BS",2021-06-10,2021-06-05,"quantile",0.5,0,"COVID-19","Epiforecast",FALSE,0
"BS",2021-06-10,2021-06-06,"quantile",0.5,0,"COVID-19","Epiforecast",FALSE,0
"BS",2021-06-10,2021-06-07,"quantile",0.5,2,"COVID-19","Epiforecast",FALSE,2
"BS",2021-06-10,2021-06-08,"quantile",0.5,1,"COVID-19","Epiforecast",FALSE,2
"BS",2021-06-10,2021-06-09,"quantile",0.5,0,"COVID-19","Epiforecast",FALSE,0
"BS",2021-06-10,2021-06-10,"quantile",0.5,0,"COVID-19","Epiforecast",FALSE,0
"BS",2021-06-10,2021-06-01,"quantile",0.65,0,"COVID-19","Epiforecast",FALSE,0
"BS",2021-06-10,2021-06-02,"quantile",0.65,1,"COVID-19","Epiforecast",FALSE,1
"BS",2021-06-10,2021-06-03,"quantile",0.65,1,"COVID-19","Epiforecast",FALSE,1
"BS",2021-06-10,2021-06-04,"quantile",0.65,0,"COVID-19","Epiforecast",FALSE,0
"BS",2021-06-10,2021-06-05,"quantile",0.65,0,"COVID-19","Epiforecast",FALSE,0
"BS",2021-06-10,2021-06-06,"quantile",0.65,0,"COVID-19","Epiforecast",FALSE,0
"BS",2021-06-10,2021-06-07,"quantile",0.65,2,"COVID-19","Epiforecast",FALSE,2
"BS",2021-06-10,2021-06-08,"quantile",0.65,1,"COVID-19","Epiforecast",FALSE,2
"BS",2021-06-10,2021-06-09,"quantile",0.65,1,"COVID-19","Epiforecast",FALSE,0
"BS",2021-06-10,2021-06-10,"quantile",0.65,1,"COVID-19","Epiforecast",FALSE,0
"BS",2021-06-10,2021-06-01,"quantile",0.8,0,"COVID-19","Epiforecast",FALSE,0
"BS",2021-06-10,2021-06-02,"quantile",0.8,1,"COVID-19","Epiforecast",FALSE,1
"BS",2021-06-10,2021-06-03,"quantile",0.8,1,"COVID-19","Epiforecast",FALSE,1
"BS",2021-06-10,2021-06-04,"quantile",0.8,0,"COVID-19","Epiforecast",FALSE,0
"BS",2021-06-10,2021-06-05,"quantile",0.8,0,"COVID-19","Epiforecast",FALSE,0
"BS",2021-06-10,2021-06-06,"quantile",0.8,0,"COVID-19","Epiforecast",FALSE,0
"BS",2021-06-10,2021-06-07,"quantile",0.8,2,"COVID-19","Epiforecast",FALSE,2
"BS",2021-06-10,2021-06-08,"quantile",0.8,2,"COVID-19","Epiforecast",FALSE,2
"BS",2021-06-10,2021-06-09,"quantile",0.8,1,"COVID-19","Epiforecast",FALSE,0
"BS",2021-06-10,2021-06-10,"quantile",0.8,1,"COVID-19","Epiforecast",FALSE,0
"BS",2021-06-10,2021-06-01,"quantile",0.95,0,"COVID-19","Epiforecast",FALSE,0
"BS",2021-06-10,2021-06-02,"quantile",0.95,1,"COVID-19","Epiforecast",FALSE,1
"BS",2021-06-10,2021-06-03,"quantile",0.95,1,"COVID-19","Epiforecast",FALSE,1
"BS",2021-06-10,2021-06-04,"quantile",0.95,0,"COVID-19","Epiforecast",FALSE,0
"BS",2021-06-10,2021-06-05,"quantile",0.95,0,"COVID-19","Epiforecast",FALSE,0
"BS",2021-06-10,2021-06-06,"quantile",0.95,1,"COVID-19","Epiforecast",FALSE,0
"BS",2021-06-10,2021-06-07,"quantile",0.95,3,"COVID-19","Epiforecast",FALSE,2
"BS",2021-06-10,2021-06-08,"quantile",0.95,3,"COVID-19","Epiforecast",FALSE,2
"BS",2021-06-10,2021-06-09,"quantile",0.95,2,"COVID-19","Epiforecast",FALSE,0
"BS",2021-06-10,2021-06-10,"quantile",0.95,2,"COVID-19","Epiforecast",FALSE,0
"BS",2021-06-10,2021-06-01,"median",0.5,0,"COVID-19","Epiforecast",FALSE,0
"BS",2021-06-10,2021-06-02,"median",0.5,1,"COVID-19","Epiforecast",FALSE,1
"BS",2021-06-10,2021-06-03,"median",0.5,1,"COVID-19","Epiforecast",FALSE,1
"BS",2021-06-10,2021-06-04,"median",0.5,0,"COVID-19","Epiforecast",FALSE,0
"BS",2021-06-10,2021-06-05,"median",0.5,0,"COVID-19","Epiforecast",FALSE,0
"BS",2021-06-10,2021-06-06,"median",0.5,0,"COVID-19","Epiforecast",FALSE,0
"BS",2021-06-10,2021-06-07,"median",0.5,2,"COVID-19","Epiforecast",FALSE,2
"BS",2021-06-10,2021-06-08,"median",0.5,1,"COVID-19","Epiforecast",FALSE,2
"BS",2021-06-10,2021-06-09,"median",0.5,0,"COVID-19","Epiforecast",FALSE,0
"BS",2021-06-10,2021-06-10,"median",0.5,0,"COVID-19","Epiforecast",FALSE,0
"BS",2021-06-10,2021-06-01,"mean",NA,0,"COVID-19","Epiforecast",FALSE,0
"BS",2021-06-10,2021-06-02,"mean",NA,1.023,"COVID-19","Epiforecast",FALSE,1
"BS",2021-06-10,2021-06-03,"mean",NA,1.032,"COVID-19","Epiforecast",FALSE,1
"BS",2021-06-10,2021-06-04,"mean",NA,0.028,"COVID-19","Epiforecast",FALSE,0
"BS",2021-06-10,2021-06-05,"mean",NA,0.043,"COVID-19","Epiforecast",FALSE,0
"BS",2021-06-10,2021-06-06,"mean",NA,0.085,"COVID-19","Epiforecast",FALSE,0
"BS",2021-06-10,2021-06-07,"mean",NA,2.157,"COVID-19","Epiforecast",FALSE,2
"BS",2021-06-10,2021-06-08,"mean",NA,1.386,"COVID-19","Epiforecast",FALSE,2
"BS",2021-06-10,2021-06-09,"mean",NA,0.589,"COVID-19","Epiforecast",FALSE,0
"BS",2021-06-10,2021-06-10,"mean",NA,0.651,"COVID-19","Epiforecast",FALSE,0
